スナップショットの日付,sku,FNSKU,asin,商品名,コンディション,在庫あり,返送/所有権の放棄処理中の数量,保管日数0～90日の在庫数,保管日数91～180日の在庫数,保管日数181～270日の在庫数,保管日数271～365日の在庫数,保管日数365日超の在庫数,通貨,過去7日間に販売された在庫数,過去30日間に販売された在庫数,過去60日間に販売された在庫数,過去90日間に販売された在庫数,注意,販売価格,セール価格,新品の最低価格,中古の最低価格,推奨されるアクション,非推奨の健全な在庫レベル,推奨される販売価格,推奨セール期間,推奨される返送/所有権の放棄の数量,推奨されるアクションによる費用削減の概算,FBA販売率,商品の容量,容量単位,保管タイプ,保管容量,ストア,商品グループ,売上ランキング,在庫保管日数,余剰在庫の推定数,在庫完売までの週数（過去30日間）,在庫完売までの週数（過去90日間）,おすすめ商品の価格,過去7日間に出荷された売上,過去30日間に出荷された売上,過去60日間に出荷された売上,過去90日間に出荷された売上,保管日数0～30日の在庫数,保管日数31～60日の在庫数,保管日数61～90日の在庫数,保管日数181～330日の在庫数,保管日数331～365日の在庫数,保管手数料の見積り（次の30日間）,納品数,納品数（進行中）,納品数（受領済み）,納品数（出荷済み）,入出荷作業中の合計数量,販売不可の数量,quantity-to-be-charged-ais-271-300-days,estimated-ais-271-300-days,quantity-to-be-charged-ais-301-330-days,estimated-ais-301-330-days,quantity-to-be-charged-ais-331-365-days,estimated-ais-331-365-days,quantity-to-be-charged-ais-365-plus-days,estimated-ais-365-plus-days,historical-days-of-supply,推奨される納品数,推奨される納品日,過去在庫日数の最終更新日,低在庫レベル手数料が免除されますか？,今週、低在庫レベルの手数料の対象になりますか？,短期の過去在庫日数,長期の過去在庫日数,在庫の保管日数の計算日,FBAの在庫数,Reserved FC Transfer,Reserved FC Processing,Reserved Customer Order,在庫日数の合計（受領中の商品も含む）,仕入れ先,is-seasonal-in-next-3-months,season-name,season-start-date,season-end-date
2026/4/6,77-MU3Q-RYHJ,X001D0NE6N,B0GTPFHXKS,推しぬいワッペン 顔パーツ ジト目 (オレンジ),New,4,0,4,0,0,0,0,JPY,,,,,Low traffic,730,0,730,0,出品商品の広告,4,0,0,0,880.92,0,1.5E-5,cubic meter,Standard,6.0E-5,JP,gl_toy,,103,0,,,,,,,,4,0,0,0,0,0.28,0,0,0,0,0,0,,,,,,,,,,0,,,,,,,2026/4/4,4,0,0,0,103,--,N,,,
2026/4/6,94-AFPD-Z7KZ,X001D0VARX,B0GTP44GHN,推しぬいワッペン 顔パーツ ジト目 (グリーン),New,3,0,3,0,0,0,0,JPY,,,,,Low traffic,730,0,730,0,出品商品の広告,3,0,0,0,660.69,0,1.5E-5,cubic meter,Standard,4.5E-5,JP,gl_toy,,80,0,,,,,,,,3,0,0,0,0,0.21,0,0,0,0,0,0,,,,,,,,,,1,2026/4/5,,,,,,2026/4/4,3,0,0,0,80,--,N,,,
2026/4/6,CX-7Y7U-WV35,X001D0UTJD,B0GTPN99X3,推しぬいワッペン 顔パーツ ジト目 (グレー),New,5,0,5,0,0,0,0,JPY,,,,,Low traffic,730,0,730,0,出品商品の広告,,,0,0,,0,1.5E-5,cubic meter,Standard,7.5E-5,JP,gl_toy,,126,0,,,730,,,,,5,0,0,0,0,,0,0,0,0,0,0,,,,,,,,,,0,,,,,,,2026/4/4,5,0,0,0,126,--,N,,,
2026/4/6,CL-L6NF-9O3B,X001D0UX53,B0GTNNFKTQ,推しぬいワッペン 顔パーツ ジト目 (パープル),New,1,0,1,0,0,0,0,JPY,,,,,Low traffic,730,0,730,0,出品商品の広告,1,0,0,0,220.23,0,1.5E-5,cubic meter,Standard,1.5E-5,JP,gl_toy,,35,0,,,,,,,,1,0,0,0,0,0.07,0,0,0,0,0,0,,,,,,,,,,3,2026/4/5,,,,,,2026/4/4,1,0,0,0,35,--,N,,,
2026/4/6,NM-Z630-DU6I,X001D0VAXR,B0GTP41MP2,推しぬいワッペン 顔パーツ ジト目 (ピンク),New,2,0,2,0,0,0,0,JPY,,,,,Low traffic,730,0,730,0,出品商品の広告,,,0,0,,0,1.5E-5,cubic meter,Standard,3.0E-5,JP,gl_toy,,58,0,,,,,,,,2,0,0,0,0,,0,0,0,0,0,0,,,,,,,,,,2,2026/4/5,,,,,,2026/4/4,2,0,0,0,58,--,N,,,
2026/4/6,B7-OCL2-RCNT,X001D0UOLB,B0GTP1XDK1,推しぬいワッペン 顔パーツ ジト目 (ブラウン),New,17,0,17,0,0,0,0,JPY,,,,,Low traffic,730,0,730,0,出品商品の広告,,,0,0,,0,1.5E-5,cubic meter,Standard,2.55E-4,JP,gl_toy,,366,0,,,,,,,,17,0,0,0,0,,0,0,0,0,0,0,,,,,,,,,,0,,,,,,,2026/4/4,17,0,0,0,366,--,N,,,
2026/4/6,GE-EHU8-J1DW,X001D0NEAJ,B0GTNSHL56,推しぬいワッペン 顔パーツ ジト目 (ブラック),New,27,0,27,0,0,0,0,JPY,,,,,Low traffic,730,0,730,0,出品商品の広告,27,0,0,0,5946.24,0,1.5E-5,cubic meter,Standard,4.05E-4,JP,gl_toy,,366,0,,,,,,,,27,0,0,0,0,1.92,0,0,0,0,0,0,,,,,,,,,,0,,,,,,,2026/4/4,27,0,0,0,366,--,N,,,
2026/4/6,5Y-JCA0-SUA7,X001D0UOLV,B0GTPDC72Q,推しぬいワッペン 顔パーツ たれ目 (イエロー),New,5,0,5,0,0,0,0,JPY,,,,,Low traffic,730,0,730,0,出品商品の広告,5,0,0,0,1101.15,0,1.5E-5,cubic meter,Standard,7.5E-5,JP,gl_toy,,126,0,,,,,,,,5,0,0,0,0,0.36,0,0,0,0,0,0,,,,,,,,,,0,,,,,,,2026/4/4,5,0,0,0,126,--,N,,,
2026/4/6,S1-6M91-RI35,X001D0NE4Z,B0GTP363FJ,推しぬいワッペン 顔パーツ たれ目 (オレンジ),New,4,0,4,0,0,0,0,JPY,,,,,Low traffic,730,0,730,0,出品商品の広告,,,0,0,,0,1.5E-5,cubic meter,Standard,6.0E-5,JP,gl_toy,,103,0,,,730,,,,,4,0,0,0,0,,0,0,0,0,0,0,,,,,,,,,,0,,,,,,,2026/4/4,4,0,0,0,103,--,N,,,
2026/4/6,MC-F9G3-6QFY,X001D0UOHP,B0GTPHJCWN,推しぬいワッペン 顔パーツ たれ目 (グリーン),New,5,0,5,0,0,0,0,JPY,,,,,Low traffic,730,0,730,0,出品商品の広告,5,0,0,0,1101.15,0,1.5E-5,cubic meter,Standard,7.5E-5,JP,gl_toy,,126,0,,,730,,,,,5,0,0,0,0,0.36,0,0,0,0,0,0,,,,,,,,,,0,,,,,,,2026/4/4,5,0,0,0,126,--,N,,,
2026/4/6,4S-2ONM-HAOM,X001D0UHEF,B0GTP7D987,推しぬいワッペン 顔パーツ たれ目 (グレー),New,5,0,5,0,0,0,0,JPY,,,,,Low traffic,730,0,730,0,出品商品の広告,5,0,0,0,1101.15,0,1.5E-5,cubic meter,Standard,7.5E-5,JP,gl_toy,,126,0,,,,,,,,5,0,0,0,0,0.36,0,0,0,0,0,0,,,,,,,,,,0,,,,,,,2026/4/4,5,0,0,0,126,--,N,,,
2026/4/6,3K-0AV8-7WBC,X001D0S07B,B0GTPDB51W,推しぬいワッペン 顔パーツ たれ目 (パープル),New,2,0,2,0,0,0,0,JPY,,,,,Low traffic,730,0,730,0,出品商品の広告,2,0,0,0,440.46,0,1.5E-5,cubic meter,Standard,3.0E-5,JP,gl_toy,,58,0,,,,,,,,2,0,0,0,0,0.14,0,0,0,0,0,0,,,,,,,,,,2,2026/4/4,,,,,,2026/4/4,2,0,0,0,58,--,N,,,
2026/4/6,0D-IFWG-CFXI,X001D0S0ET,B0GTNQDSV9,推しぬいワッペン 顔パーツ たれ目 (ピンク),New,4,0,4,0,0,0,0,JPY,,,,,Low traffic,730,0,730,0,出品商品の広告,4,0,0,0,880.92,0,1.5E-5,cubic meter,Standard,6.0E-5,JP,gl_toy,,103,0,,,,,,,,4,0,0,0,0,0.28,0,0,0,0,0,0,,,,,,,,,,0,,,,,,,2026/4/4,4,0,0,0,103,--,N,,,
2026/4/6,F9-U4QV-9Z5L,X001D0RZZT,B0GTP5HNNL,推しぬいワッペン 顔パーツ たれ目 (ブラウン),New,25,0,25,0,0,0,0,JPY,,,,,Low traffic,730,0,730,0,出品商品の広告,25,0,0,0,5505.77,0,1.5E-5,cubic meter,Standard,3.75E-4,JP,gl_toy,,366,0,,,,,,,,25,0,0,0,0,1.78,0,0,0,0,0,0,,,,,,,,,,0,,,,,,,2026/4/4,25,0,0,0,366,--,N,,,
2026/4/6,AU-2ERJ-NLZF,X001D0UOO3,B0GTPB4TF7,推しぬいワッペン 顔パーツ たれ目 (ブラック),New,28,0,28,0,0,0,0,JPY,,,,,Low traffic,730,0,730,0,出品商品の広告,,,0,0,,0,1.5E-5,cubic meter,Standard,4.2E-4,JP,gl_toy,,366,0,,,730,,,,,28,0,0,0,0,,1,0,0,1,0,0,,,,,,,,,,0,,,,,,,2026/4/4,29,0,0,0,366,--,N,,,
2026/4/6,BW-BKHC-4WLV,X001D0UOMP,B0GTPFHXC1,推しぬいワッペン 顔パーツ たれ目 (レッド),New,3,0,3,0,0,0,0,JPY,,,,,Low traffic,730,0,730,0,出品商品の広告,3,0,0,0,660.69,0,1.5E-5,cubic meter,Standard,4.5E-5,JP,gl_toy,,80,0,,,,,,,,3,0,0,0,0,0.21,0,0,0,0,0,0,,,,,,,,,,1,2026/4/5,,,,,,2026/4/4,3,0,0,0,80,--,N,,,
2026/4/6,01-MLSX-9W50,X001D0USTJ,B0GTP4KYKV,推しぬいワッペン 顔パーツ つり目 (イエロー),New,5,0,6,0,0,0,0,JPY,,,,,Low traffic,730,0,730,0,出品商品の広告,5,0,0,0,1101.15,0,1.5E-5,cubic meter,Standard,7.5E-5,JP,gl_toy,,126,0,,,,,,,,6,0,0,0,0,0.36,0,0,0,0,0,0,,,,,,,,,,0,,,,,,,2026/4/4,5,0,0,0,126,--,N,,,
2026/4/6,FN-4JXI-KH69,X001D0S0J9,B0GTP1V2DT,推しぬいワッペン 顔パーツ つり目 (オレンジ),New,4,0,4,0,0,0,0,JPY,,,,,Low traffic,730,0,730,0,出品商品の広告,,,0,0,,0,1.5E-5,cubic meter,Standard,6.0E-5,JP,gl_toy,,103,0,,,,,,,,4,0,0,0,0,,0,0,0,0,0,0,,,,,,,,,,0,,,,,,,2026/4/4,4,0,0,0,103,--,N,,,
2026/4/6,57-QSNY-9ANS,X001D0NF99,B0GTPNQMWC,推しぬいワッペン 顔パーツ つり目 (グリーン),New,3,0,3,0,0,0,0,JPY,,,,,Low traffic,730,0,730,0,出品商品の広告,3,0,0,0,660.69,0,1.5E-5,cubic meter,Standard,4.5E-5,JP,gl_toy,,80,0,,,,,,,,3,0,0,0,0,0.21,0,0,0,0,0,0,,,,,,,,,,1,2026/4/5,,,,,,2026/4/4,3,0,0,0,80,--,N,,,
2026/4/6,9O-Z6LJ-0B6S,X001D0UTJX,B0GTNWX1RQ,推しぬいワッペン 顔パーツ つり目 (グレー),New,5,0,5,0,0,0,0,JPY,,,,,Low traffic,730,0,730,0,出品商品の広告,5,0,0,0,1101.15,0,1.5E-5,cubic meter,Standard,7.5E-5,JP,gl_toy,,126,0,,,,,,,,5,0,0,0,0,0.36,0,0,0,0,0,0,,,,,,,,,,0,,,,,,,2026/4/4,5,0,0,0,126,--,N,,,
2026/4/6,RD-ZE49-R881,X001D0UOPR,B0GTPF29BY,推しぬいワッペン 顔パーツ つり目 (パープル),New,2,0,2,0,0,0,0,JPY,,,,,Low traffic,730,0,730,0,出品商品の広告,2,0,0,0,440.46,0,1.5E-5,cubic meter,Standard,3.0E-5,JP,gl_toy,,58,0,,,,,,,,2,0,0,0,0,0.14,0,0,0,0,0,0,,,,,,,,,,2,2026/4/5,,,,,,2026/4/4,2,0,0,0,58,--,N,,,
2026/4/6,55-UZ73-X03X,X001D0UT57,B0GTPKJS7Z,推しぬいワッペン 顔パーツ つり目 (ピンク),New,2,0,2,0,0,0,0,JPY,,,,,Low traffic,730,0,730,0,出品商品の広告,2,0,0,0,440.46,0,1.5E-5,cubic meter,Standard,3.0E-5,JP,gl_toy,,58,0,,,,,,,,2,0,0,0,0,0.14,0,0,0,0,0,0,,,,,,,,,,2,2026/4/4,,,,,,2026/4/4,2,0,0,0,58,--,N,,,
2026/4/6,IY-D6L3-J0N8,X001D0S0L7,B0GTPHFRBD,推しぬいワッペン 顔パーツ つり目 (ブラウン),New,31,0,31,0,0,0,0,JPY,,,,,Low traffic,730,0,730,0,出品商品の広告,,,0,0,,0,1.5E-5,cubic meter,Standard,4.65E-4,JP,gl_toy,,366,0,,,,,,,,31,0,0,0,0,,0,0,0,0,0,0,,,,,,,,,,0,,,,,,,2026/4/4,31,0,0,0,366,--,N,,,
2026/4/6,XI-Y5YI-XTIE,X001D0UOL1,B0GTNTNZY5,推しぬいワッペン 顔パーツ つり目 (ブラック),New,27,0,27,0,0,0,0,JPY,,,,,Low traffic,730,0,730,0,出品商品の広告,,,0,0,,0,1.5E-5,cubic meter,Standard,4.05E-4,JP,gl_toy,,366,0,,,,,,,,27,0,0,0,0,,0,0,0,0,0,0,,,,,,,,,,0,,,,,,,2026/4/4,27,0,0,0,366,--,N,,,
2026/4/6,58-3JT9-RH48,X001D0VB1N,B0GTP3F3SH,推しぬいワッペン 顔パーツ つり目 (ブルー),New,8,0,8,0,0,0,0,JPY,,,,,Low traffic,730,0,730,0,出品商品の広告,8,0,0,0,1761.85,0,1.5E-5,cubic meter,Standard,1.2E-4,JP,gl_toy,,193,0,,,,,,,,8,0,0,0,0,0.57,0,0,0,0,0,0,,,,,,,,,,0,,,,,,,2026/4/4,8,0,0,0,193,--,N,,,
2026/4/6,CV-RLEQ-DWXA,X001D0UORP,B0GTNQ77F7,推しぬいワッペン 顔パーツ つり目 (レッド),New,8,0,8,0,0,0,0,JPY,,,,,Low traffic,730,0,730,0,出品商品の広告,8,0,0,0,1761.85,0,1.5E-5,cubic meter,Standard,1.2E-4,JP,gl_toy,,179,0,,,,,,,,8,0,0,0,0,0.57,0,0,0,0,0,0,,,,,,,,,,0,,,,,,,2026/4/4,8,0,0,0,179,--,N,,,
2026/4/6,LA-4IUS-E9AW,X001D0NDH3,B0GTP4MH68,推しぬいワッペン 顔パーツ 通常目 (オレンジ),New,3,0,3,0,0,0,0,JPY,,,,,Low traffic,730,0,730,0,出品商品の広告,,,0,0,,0,1.5E-5,cubic meter,Standard,4.5E-5,JP,gl_toy,,80,0,,,,,,,,3,0,0,0,0,,0,0,0,0,0,0,,,,,,,,,,1,2026/4/5,,,,,,2026/4/4,3,0,0,0,80,--,N,,,
2026/4/6,EE-J8J4-NTIT,X001D0NDJB,B0GTP21Z7Y,推しぬいワッペン 顔パーツ 通常目 (グリーン),New,1,0,1,0,0,0,0,JPY,,,,,Low traffic,730,0,730,0,出品商品の広告,1,0,0,0,220.23,0,1.5E-5,cubic meter,Standard,1.5E-5,JP,gl_toy,,35,0,,,,,,,,1,0,0,0,0,0.07,0,0,0,0,0,0,,,,,,,,,,3,2026/4/5,,,,,,2026/4/4,1,0,0,0,35,--,N,,,
2026/4/6,R2-RFTM-MSLW,X001D0NDYL,B0GTNZ47CM,推しぬいワッペン 顔パーツ 通常目 (グレー),New,11,0,11,0,0,0,0,JPY,,,,,Low traffic,730,0,730,0,出品商品の広告,,,0,0,,0,1.5E-5,cubic meter,Standard,1.65E-4,JP,gl_toy,,261,0,,,730,,,,,11,0,0,0,0,,0,0,0,0,0,0,,,,,,,,,,0,,,,,,,2026/4/4,11,0,0,0,261,--,N,,,
2026/4/6,3Y-13IO-8DQ3,X001D0UX4T,B0GTNSH6D4,推しぬいワッペン 顔パーツ 通常目 (パープル),New,5,0,5,0,0,0,0,JPY,,,,,Low traffic,730,0,730,0,出品商品の広告,5,0,0,0,1101.15,0,1.5E-5,cubic meter,Standard,7.5E-5,JP,gl_toy,,126,0,,,,,,,,5,0,0,0,0,0.36,0,0,0,0,0,0,,,,,,,,,,0,,,,,,,2026/4/4,5,0,0,0,126,--,N,,,
2026/4/6,7I-IPDZ-80RF,X001D0UWYF,B0GTNX3R16,推しぬいワッペン 顔パーツ 通常目 (ピンク),New,5,0,5,0,0,0,0,JPY,,,,,Low traffic,730,0,730,0,出品商品の広告,5,0,0,0,1101.15,0,1.5E-5,cubic meter,Standard,7.5E-5,JP,gl_toy,,126,0,,,,,,,,5,0,0,0,0,0.36,0,0,0,0,0,0,,,,,,,,,,0,,,,,,,2026/4/4,5,0,0,0,126,--,N,,,
2026/4/6,P3-J8XR-JQDO,X001D0NECR,B0GTPGRYNG,推しぬいワッペン 顔パーツ 通常目 (ブラウン),New,25,0,25,0,0,0,0,JPY,,,,,Low traffic,730,0,730,0,出品商品の広告,,,0,0,,0,1.5E-5,cubic meter,Standard,3.75E-4,JP,gl_toy,,366,0,,,730,,,,,25,0,0,0,0,,0,0,0,0,0,0,,,,,,,,,,0,,,,,,,2026/4/4,25,0,0,0,366,--,N,,,
2026/4/6,Q4-4NZ2-RMQF,X001D0UNZX,B0GTPNQM9Q,推しぬいワッペン 顔パーツ 通常目 (ブラック),New,27,0,27,0,0,0,0,JPY,,,,,Low traffic,730,0,730,0,出品商品の広告,,,0,0,,0,1.5E-5,cubic meter,Standard,4.05E-4,JP,gl_toy,,366,0,,,730,,,,,27,0,0,0,0,,1,0,0,1,0,0,,,,,,,,,,0,,,,,,,2026/4/4,28,0,0,0,366,--,N,,,
2026/4/6,9M-V5WN-AZ2D,X001D0UX5N,B0GTNXYKG6,推しぬいワッペン 顔パーツ 通常目 (ブルー),New,3,0,3,0,0,0,0,JPY,,,,,Low traffic,730,0,730,0,出品商品の広告,3,0,0,0,660.69,0,1.5E-5,cubic meter,Standard,4.5E-5,JP,gl_toy,,80,0,,,730,,,,,3,0,0,0,0,0.21,0,0,0,0,0,0,,,,,,,,,,1,2026/4/5,,,,,,2026/4/4,3,0,0,0,80,--,N,,,
2026/4/6,PQ-H5GH-6Y6H,X001D0NDV9,B0GTNQ1XRB,推しぬいワッペン 顔パーツ 通常目 (レッド),New,1,0,1,0,0,0,0,JPY,,,,,Low traffic,730,0,730,0,出品商品の広告,1,0,0,0,220.23,0,1.5E-5,cubic meter,Standard,1.5E-5,JP,gl_toy,,35,0,,,,,,,,1,0,0,0,0,0.07,0,0,0,0,0,0,,,,,,,,,,3,2026/4/5,,,,,,2026/4/4,1,0,0,0,35,--,N,,,
2026/4/6,BP-H2EN-NMH2,X001D0TNVN,B0GTP3SRGP,"推しぬいワッペン 髪パーツ ウェーブロング (イエロー, フェルト)",New,2,0,2,0,0,0,0,JPY,,,,,Low traffic,730,0,730,0,出品商品の広告,,,0,0,,0,1.5E-5,cubic meter,Standard,3.0E-5,JP,gl_toy,,56,0,,,,,,,,2,0,0,0,0,,0,0,0,0,0,0,,,,,,,,,,2,2026/4/4,,,,,,2026/4/4,2,0,0,0,56,--,N,,,
2026/4/6,TE-YTCP-JJXO,X001D0RUK9,B0GTNXBBKQ,"推しぬいワッペン 髪パーツ ウェーブロング (イエロー, ボア)",New,2,0,1,0,0,0,0,JPY,,,,,Low traffic,730,0,730,0,出品商品の広告,2,0,0,0,439.73,0,1.5E-5,cubic meter,Standard,3.0E-5,JP,gl_toy,,78,0,,,,,,,,1,0,0,0,0,0.14,1,0,0,1,0,0,,,,,,,,,,1,2026/4/5,,,,,,2026/4/4,3,0,0,0,78,--,N,,,
2026/4/6,FB-8KNZ-AYPO,X001D0TRHD,B0GTNWNMHC,"推しぬいワッペン 髪パーツ ウェーブロング (オレンジ, ボア)",New,2,0,2,0,0,0,0,JPY,,,,,Low traffic,730,0,730,0,出品商品の広告,,,0,0,,0,1.5E-5,cubic meter,Standard,3.0E-5,JP,gl_toy,,56,0,,,,,,,,2,0,0,0,0,,0,0,0,0,0,0,,,,,,,,,,2,2026/4/4,,,,,,2026/4/4,2,0,0,0,56,--,N,,,
2026/4/6,VM-7TVK-16PZ,X001D0RVFD,B0GTNZJZCD,"推しぬいワッペン 髪パーツ ウェーブロング (グリーン, フェルト)",New,2,0,2,0,0,0,0,JPY,,,,,Low traffic,730,0,730,0,出品商品の広告,,,0,0,,0,1.5E-5,cubic meter,Standard,3.0E-5,JP,gl_toy,,56,0,,,,,,,,2,0,0,0,0,,0,0,0,0,0,0,,,,,,,,,,2,2026/4/4,,,,,,2026/4/4,2,0,0,0,56,--,N,,,
2026/4/6,J7-KDB0-RT31,X001D0TRCN,B0GTNTGTB4,"推しぬいワッペン 髪パーツ ウェーブロング (グリーン, ボア)",New,2,0,2,0,0,0,0,JPY,,,,,Low traffic,730,0,730,0,出品商品の広告,,,0,0,,0,1.5E-5,cubic meter,Standard,3.0E-5,JP,gl_toy,,56,0,,,,,,,,2,0,0,0,0,,0,0,0,0,0,0,,,,,,,,,,2,2026/4/4,,,,,,2026/4/4,2,0,0,0,56,--,N,,,
2026/4/6,E0-PKK2-6JQD,X001D0TRMX,B0GTNL6GD2,"推しぬいワッペン 髪パーツ ウェーブロング (シルバーグレー, フェルト)",New,2,0,2,0,0,0,0,JPY,,,,,Low traffic,730,0,730,0,出品商品の広告,2,0,0,0,440.46,0,1.5E-5,cubic meter,Standard,3.0E-5,JP,gl_toy,,56,0,,,,,,,,2,0,0,0,0,0.14,0,0,0,0,0,0,,,,,,,,,,2,2026/4/4,,,,,,2026/4/4,2,0,0,0,56,--,N,,,
2026/4/6,QY-E5WC-WS24,X001D0RXS3,B0GTNTFP6T,"推しぬいワッペン 髪パーツ ウェーブロング (ダークブラウン, フェルト)",New,2,0,2,0,0,0,0,JPY,,,,,Low traffic,730,0,730,0,出品商品の広告,,,0,0,,0,1.5E-5,cubic meter,Standard,3.0E-5,JP,gl_toy,,56,0,,,,,,,,2,0,0,0,0,,0,0,0,0,0,0,,,,,,,,,,2,2026/4/4,,,,,,2026/4/4,2,0,0,0,56,--,N,,,
2026/4/6,BR-1LWN-WLD7,X001D0RUI1,B0GTNQG16H,"推しぬいワッペン 髪パーツ ウェーブロング (ダークブラウン, ボア)",New,2,0,2,0,0,0,0,JPY,,,,,Low traffic,730,0,730,0,出品商品の広告,2,0,0,0,440.46,0,1.5E-5,cubic meter,Standard,3.0E-5,JP,gl_toy,,56,0,,,,,,,,2,0,0,0,0,0.14,0,0,0,0,0,0,,,,,,,,,,2,2026/4/4,,,,,,2026/4/4,2,0,0,0,56,--,N,,,
2026/4/6,C6-LOTL-JHZF,X001D0MVN5,B0GTNZMBGF,"推しぬいワッペン 髪パーツ ウェーブロング (パープル, フェルト)",New,2,0,2,0,0,0,0,JPY,,,,,Low traffic,730,0,730,0,出品商品の広告,,,0,0,,0,1.5E-5,cubic meter,Standard,3.0E-5,JP,gl_toy,,56,0,,,,,,,,2,0,0,0,0,,0,0,0,0,0,0,,,,,,,,,,2,2026/4/4,,,,,,2026/4/4,2,0,0,0,56,--,N,,,
2026/4/6,E3-W30X-W6G3,X001D0UC8L,B0GTNJX3V2,"推しぬいワッペン 髪パーツ ウェーブロング (ピンク, ボア)",New,2,0,2,0,0,0,0,JPY,,,,,Low traffic,730,0,730,0,出品商品の広告,,,0,0,,0,1.5E-5,cubic meter,Standard,3.0E-5,JP,gl_toy,,56,0,,,,,,,,2,0,0,0,0,,0,0,0,0,0,0,,,,,,,,,,2,2026/4/4,,,,,,2026/4/4,2,0,0,0,56,--,N,,,
2026/4/6,N9-99O8-G70Q,X001D0MWBL,B0GTNKN431,"推しぬいワッペン 髪パーツ ウェーブロング (ブラウン, ボア)",New,2,0,2,0,0,0,0,JPY,,,,,Low traffic,730,0,730,0,出品商品の広告,,,0,0,,0,1.5E-5,cubic meter,Standard,3.0E-5,JP,gl_toy,,56,0,,,,,,,,2,0,0,0,0,,0,0,0,0,0,0,,,,,,,,,,2,2026/4/4,,,,,,2026/4/4,2,0,0,0,56,--,N,,,
2026/4/6,08-JENJ-FN3P,X001D0MUGN,B0GTNT1DC6,"推しぬいワッペン 髪パーツ ウェーブロング (ブラック, クロス（薄手）)",New,2,0,2,0,0,0,0,JPY,,,,,Low traffic,730,0,730,0,出品商品の広告,2,0,0,0,440.46,0,1.5E-5,cubic meter,Standard,3.0E-5,JP,gl_toy,,56,0,,,,,,,,2,0,0,0,0,0.14,0,0,0,0,0,0,,,,,,,,,,2,2026/4/4,,,,,,2026/4/4,2,0,0,0,56,--,N,,,
2026/4/6,5N-USAS-GFU5,X001D0TO5N,B0GTNKGW73,"推しぬいワッペン 髪パーツ ウェーブロング (ブラック, フェルト)",New,1,0,1,0,0,0,0,JPY,,,,,Low traffic,730,0,730,0,出品商品の広告,1,0,0,0,220.23,0,1.5E-5,cubic meter,Standard,1.5E-5,JP,gl_toy,,56,0,,,,,,,,1,0,0,0,0,0.07,1,0,0,1,0,0,,,,,,,,,,2,2026/4/4,,,,,,2026/4/4,2,0,0,0,56,--,N,,,
2026/4/6,61-S36H-MDTT,X001D0UMJP,B0GTNRVJT4,"推しぬいワッペン 髪パーツ ウェーブロング (ブラック, ボア)",New,2,0,2,0,0,0,0,JPY,,,,,Low traffic,730,0,730,0,出品商品の広告,2,0,0,0,440.46,0,1.5E-5,cubic meter,Standard,3.0E-5,JP,gl_toy,,56,0,,,,,,,,2,0,0,0,0,0.14,0,0,0,0,0,0,,,,,,,,,,2,2026/4/4,,,,,,2026/4/4,2,0,0,0,56,--,N,,,
2026/4/6,EJ-RZI7-C7NH,X001D0RXD3,B0GTNLR8CZ,"推しぬいワッペン 髪パーツ ウェーブロング (ブルー, フェルト)",New,2,0,2,0,0,0,0,JPY,,,,,Low traffic,730,0,730,0,出品商品の広告,2,0,0,0,440.46,0,1.5E-5,cubic meter,Standard,3.0E-5,JP,gl_toy,,56,0,,,,,,,,2,0,0,0,0,0.14,0,0,0,0,0,0,,,,,,,,,,2,2026/4/4,,,,,,2026/4/4,2,0,0,0,56,--,N,,,
2026/4/6,DG-X47W-JCNH,X001D0MWDT,B0GTNNZR3Q,"推しぬいワッペン 髪パーツ ウェーブロング (ブルー, ボア)",New,2,0,2,0,0,0,0,JPY,,,,,Low traffic,730,0,730,0,出品商品の広告,,,0,0,,0,1.5E-5,cubic meter,Standard,3.0E-5,JP,gl_toy,,56,0,,,,,,,,2,0,0,0,0,,0,0,0,0,0,0,,,,,,,,,,2,2026/4/4,,,,,,2026/4/4,2,0,0,0,56,--,N,,,
2026/4/6,MX-ZNYJ-X4C1,X001D0MVRB,B0GTNTRSJX,"推しぬいワッペン 髪パーツ ウェーブロング (ベビーイエロー, フェルト)",New,2,0,2,0,0,0,0,JPY,,,,,Low traffic,730,0,730,0,出品商品の広告,2,0,0,0,440.46,0,1.5E-5,cubic meter,Standard,3.0E-5,JP,gl_toy,,56,0,,,,,,,,2,0,0,0,0,0.14,0,0,0,0,0,0,,,,,,,,,,2,2026/4/4,,,,,,2026/4/4,2,0,0,0,56,--,N,,,
2026/4/6,17-L5IB-XB1V,X001D0UCV3,B0GTP16G7D,"推しぬいワッペン 髪パーツ ウェーブロング (ホットピンク, フェルト)",New,2,0,2,0,0,0,0,JPY,,,,,Low traffic,730,0,730,0,出品商品の広告,2,0,0,0,440.46,0,1.5E-5,cubic meter,Standard,3.0E-5,JP,gl_toy,,56,0,,,,,,,,2,0,0,0,0,0.14,0,0,0,0,0,0,,,,,,,,,,2,2026/4/4,,,,,,2026/4/4,2,0,0,0,56,--,N,,,
2026/4/6,FW-Z1J1-J3TC,X001D0UCR7,B0GTNQ16Z2,"推しぬいワッペン 髪パーツ ウェーブロング (ホワイト, フェルト)",New,2,0,2,0,0,0,0,JPY,,,,,Low traffic,730,0,730,0,出品商品の広告,2,0,0,0,440.46,0,1.5E-5,cubic meter,Standard,3.0E-5,JP,gl_toy,,56,0,,,,,,,,2,0,0,0,0,0.14,0,0,0,0,0,0,,,,,,,,,,2,2026/4/4,,,,,,2026/4/4,2,0,0,0,56,--,N,,,
2026/4/6,A8-JEIE-W08R,X001D0RVQR,B0GTP1BC3J,"推しぬいワッペン 髪パーツ ウェーブロング (ミントグリーン, ボア)",New,2,0,2,0,0,0,0,JPY,,,,,Low traffic,730,0,730,0,出品商品の広告,2,0,0,0,440.46,0,1.5E-5,cubic meter,Standard,3.0E-5,JP,gl_toy,,56,0,,,,,,,,2,0,0,0,0,0.14,0,0,0,0,0,0,,,,,,,,,,2,2026/4/4,,,,,,2026/4/4,2,0,0,0,56,--,N,,,
2026/4/6,XK-A59O-NUNM,X001D0TRL9,B0GTNM5TXZ,"推しぬいワッペン 髪パーツ ウェーブロング (ライトブラウン, クロス（薄手）)",New,2,0,2,0,0,0,0,JPY,,,,,Low traffic,730,0,730,0,出品商品の広告,,,0,0,,0,1.5E-5,cubic meter,Standard,3.0E-5,JP,gl_toy,,56,0,,,730,,,,,2,0,0,0,0,,0,0,0,0,0,0,,,,,,,,,,2,2026/4/4,,,,,,2026/4/4,2,0,0,0,56,--,N,,,
2026/4/6,36-DEB5-LRK0,X001D0TNHH,B0GTNMFMX6,"推しぬいワッペン 髪パーツ ウェーブロング (ライトブラウン, ボア)",New,2,0,2,0,0,0,0,JPY,,,,,Low traffic,730,0,730,0,出品商品の広告,2,0,0,0,440.46,0,1.5E-5,cubic meter,Standard,3.0E-5,JP,gl_toy,,56,0,,,,,,,,2,0,0,0,0,0.14,0,0,0,0,0,0,,,,,,,,,,2,2026/4/4,,,,,,2026/4/4,2,0,0,0,56,--,N,,,
2026/4/6,6I-50R5-8RJ8,X001D0MWE3,B0GTNKNDR4,"推しぬいワッペン 髪パーツ ウェーブロング (リーフグリーン, フェルト)",New,2,0,2,0,0,0,0,JPY,,,,,Low traffic,730,0,730,0,出品商品の広告,2,0,0,0,440.46,0,1.5E-5,cubic meter,Standard,3.0E-5,JP,gl_toy,,56,0,,,730,,,,,2,0,0,0,0,0.14,0,0,0,0,0,0,,,,,,,,,,2,2026/4/4,,,,,,2026/4/4,2,0,0,0,56,--,N,,,
2026/4/6,2U-93Z9-KOOU,X001D0MUN1,B0GTNX72FX,"推しぬいワッペン 髪パーツ ウェーブロング (リーフグリーン, ボア)",New,2,0,2,0,0,0,0,JPY,,,,,Low traffic,730,0,730,0,出品商品の広告,2,0,0,0,440.46,0,1.5E-5,cubic meter,Standard,3.0E-5,JP,gl_toy,,56,0,,,,,,,,2,0,0,0,0,0.14,0,0,0,0,0,0,,,,,,,,,,2,2026/4/4,,,,,,2026/4/4,2,0,0,0,56,--,N,,,
2026/4/6,SP-ZVKI-BI4W,X001D0TWP5,B0GTNC3TGS,"推しぬいワッペン 髪パーツ ウルフ (イエロー, フェルト)",New,2,0,2,0,0,0,0,JPY,,,,,Low traffic,730,0,730,0,出品商品の広告,,,0,0,,0,1.5E-5,cubic meter,Standard,3.0E-5,JP,gl_toy,,56,0,,,730,,,,,2,0,0,0,0,,0,0,0,0,0,0,,,,,,,,,,2,2026/4/4,,,,,,2026/4/4,2,0,0,0,56,--,N,,,
2026/4/6,T9-35MP-JWXK,X001D0RKI1,B0GTNHB367,"推しぬいワッペン 髪パーツ ウルフ (イエロー, ボア)",New,2,0,2,0,0,0,0,JPY,,,,,Low traffic,730,0,730,0,出品商品の広告,2,0,0,0,440.46,0,1.5E-5,cubic meter,Standard,3.0E-5,JP,gl_toy,,56,0,,,730,,,,,2,0,0,0,0,0.14,0,0,0,0,0,0,,,,,,,,,,2,2026/4/4,,,,,,2026/4/4,2,0,0,0,56,--,N,,,
2026/4/6,PW-535U-2BXD,X001D0U5YR,B0GTNDG1VG,"推しぬいワッペン 髪パーツ ウルフ (オレンジ, ボア)",New,2,0,2,0,0,0,0,JPY,,,,,Low traffic,730,0,730,0,出品商品の広告,,,0,0,,0,1.5E-5,cubic meter,Standard,3.0E-5,JP,gl_toy,,56,0,,,,,,,,2,0,0,0,0,,0,0,0,0,0,0,,,,,,,,,,2,2026/4/4,,,,,,2026/4/4,2,0,0,0,56,--,N,,,
2026/4/6,OO-G663-Q9V8,X001D0JSBN,B0GTNM8CRR,"推しぬいワッペン 髪パーツ ウルフ (グリーン, フェルト)",New,2,0,2,0,0,0,0,JPY,,,,,Low traffic,730,0,730,0,出品商品の広告,,,0,0,,0,1.5E-5,cubic meter,Standard,3.0E-5,JP,gl_toy,,56,0,,,730,,,,,2,0,0,0,0,,0,0,0,0,0,0,,,,,,,,,,2,2026/4/4,,,,,,2026/4/4,2,0,0,0,56,--,N,,,
2026/4/6,QV-422U-TG4P,X001D0RK27,B0GTNF3JRP,"推しぬいワッペン 髪パーツ ウルフ (グリーン, ボア)",New,2,0,2,0,0,0,0,JPY,,,,,Low traffic,730,0,730,0,出品商品の広告,,,0,0,,0,1.5E-5,cubic meter,Standard,3.0E-5,JP,gl_toy,,56,0,,,,,,,,2,0,0,0,0,,0,0,0,0,0,0,,,,,,,,,,2,2026/4/4,,,,,,2026/4/4,2,0,0,0,56,--,N,,,
2026/4/6,WM-A3HK-5VS9,X001D0TWQT,B0GTNF7CLY,"推しぬいワッペン 髪パーツ ウルフ (シルバーグレー, フェルト)",New,1,0,2,0,0,0,0,JPY,,,,,Low traffic,730,0,730,0,出品商品の広告,1,0,0,0,220.23,0,1.5E-5,cubic meter,Standard,1.5E-5,JP,gl_toy,,33,0,,,,,,,,2,0,0,0,0,0.07,0,0,0,0,0,0,,,,,,,,,,3,2026/4/5,,,,,,2026/4/4,1,0,0,0,33,--,N,,,
2026/4/6,1G-7XBW-4TCG,X001D0JT7V,B0GTNQHL62,"推しぬいワッペン 髪パーツ ウルフ (ダークブラウン, フェルト)",New,2,0,2,0,0,0,0,JPY,,,,,Low traffic,730,0,730,0,出品商品の広告,2,0,0,0,440.46,0,1.5E-5,cubic meter,Standard,3.0E-5,JP,gl_toy,,56,0,,,,,,,,2,0,0,0,0,0.14,0,0,0,0,0,0,,,,,,,,,,2,2026/4/4,,,,,,2026/4/4,2,0,0,0,56,--,N,,,
2026/4/6,XS-L67X-VJPQ,X001D0JTGR,B0GTNHT72T,"推しぬいワッペン 髪パーツ ウルフ (ダークブラウン, ボア)",New,2,0,2,0,0,0,0,JPY,,,,,Low traffic,730,0,730,0,出品商品の広告,2,0,0,0,440.46,0,1.5E-5,cubic meter,Standard,3.0E-5,JP,gl_toy,,56,0,,,,,,,,2,0,0,0,0,0.14,0,0,0,0,0,0,,,,,,,,,,2,2026/4/4,,,,,,2026/4/4,2,0,0,0,56,--,N,,,
2026/4/6,IX-B4UY-VAOL,X001D0JSVN,B0GTNDXF8B,"推しぬいワッペン 髪パーツ ウルフ (パープル, フェルト)",New,2,0,2,0,0,0,0,JPY,,,,,Low traffic,730,0,730,0,出品商品の広告,,,0,0,,0,1.5E-5,cubic meter,Standard,3.0E-5,JP,gl_toy,,56,0,,,,,,,,2,0,0,0,0,,0,0,0,0,0,0,,,,,,,,,,2,2026/4/4,,,,,,2026/4/4,2,0,0,0,56,--,N,,,
2026/4/6,8W-DAIK-L8CY,X001D0JTHB,B0GTNBBP4F,"推しぬいワッペン 髪パーツ ウルフ (ピンク, ボア)",New,2,0,2,0,0,0,0,JPY,,,,,Low traffic,730,0,730,0,出品商品の広告,2,0,0,0,440.46,0,1.5E-5,cubic meter,Standard,3.0E-5,JP,gl_toy,,56,0,,,,,,,,2,0,0,0,0,0.14,0,0,0,0,0,0,,,,,,,,,,2,2026/4/4,,,,,,2026/4/4,2,0,0,0,56,--,N,,,
2026/4/6,MW-KKG3-DHTS,X001D0TWSR,B0GTNPRLV1,"推しぬいワッペン 髪パーツ ウルフ (ブラウン, ボア)",New,2,0,2,0,0,0,0,JPY,,,,,Low traffic,730,0,730,0,出品商品の広告,,,0,0,,0,1.5E-5,cubic meter,Standard,3.0E-5,JP,gl_toy,,56,0,,,,,,,,2,0,0,0,0,,0,0,0,0,0,0,,,,,,,,,,2,2026/4/4,,,,,,2026/4/4,2,0,0,0,56,--,N,,,
2026/4/6,T5-9SQC-8F01,X001D0NATT,B0GTNHSP4S,"推しぬいワッペン 髪パーツ ウルフ (ブラック, クロス（薄手）)",New,2,0,2,0,0,0,0,JPY,,,,,Low traffic,730,0,730,0,出品商品の広告,2,0,0,0,440.46,0,1.5E-5,cubic meter,Standard,3.0E-5,JP,gl_toy,,56,0,,,,,,,,2,0,0,0,0,0.14,0,0,0,0,0,0,,,,,,,,,,2,2026/4/4,,,,,,2026/4/4,2,0,0,0,56,--,N,,,
2026/4/6,RC-NBGP-EZAE,X001D0JT6R,B0GTNLXMM8,"推しぬいワッペン 髪パーツ ウルフ (ブラック, フェルト)",New,2,0,2,0,0,0,0,JPY,,,,,Low traffic,730,0,730,0,出品商品の広告,2,0,0,0,440.46,0,1.5E-5,cubic meter,Standard,3.0E-5,JP,gl_toy,,56,0,,,,,,,,2,0,0,0,0,0.14,0,0,0,0,0,0,,,,,,,,,,2,2026/4/4,,,,,,2026/4/4,2,0,0,0,56,--,N,,,
2026/4/6,BG-ZDVV-ER7D,X001D0RREX,B0GTNJLGYL,"推しぬいワッペン 髪パーツ ウルフ (ブラック, ボア)",New,2,0,2,0,0,0,0,JPY,,,,,Low traffic,730,0,730,0,出品商品の広告,,,0,0,,0,1.5E-5,cubic meter,Standard,3.0E-5,JP,gl_toy,,56,0,,,,,,,,2,0,0,0,0,,0,0,0,0,0,0,,,,,,,,,,2,2026/4/4,,,,,,2026/4/4,2,0,0,0,56,--,N,,,
2026/4/6,Q1-5MF5-KFCZ,X001D0U5W9,B0GTNGTGBF,"推しぬいワッペン 髪パーツ ウルフ (ブルー, フェルト)",New,2,0,2,0,0,0,0,JPY,,,,,Low traffic,730,0,730,0,出品商品の広告,2,0,0,0,440.46,0,1.5E-5,cubic meter,Standard,3.0E-5,JP,gl_toy,,56,0,,,730,,,,,2,0,0,0,0,0.14,0,0,0,0,0,0,,,,,,,,,,2,2026/4/4,,,,,,2026/4/4,2,0,0,0,56,--,N,,,
2026/4/6,3O-Q01Y-0Z09,X001D0RQMV,B0GTNDPP3Y,"推しぬいワッペン 髪パーツ ウルフ (ブルー, ボア)",New,2,0,2,0,0,0,0,JPY,,,,,Low traffic,730,0,730,0,出品商品の広告,2,0,0,0,440.46,0,1.5E-5,cubic meter,Standard,3.0E-5,JP,gl_toy,,56,0,,,730,,,,,2,0,0,0,0,0.14,0,0,0,0,0,0,,,,,,,,,,2,2026/4/4,,,,,,2026/4/4,2,0,0,0,56,--,N,,,
2026/4/6,ZP-J8D0-EBZR,X001D0RR4D,B0GTNK4GW1,"推しぬいワッペン 髪パーツ ウルフ (ベビーイエロー, フェルト)",New,2,0,2,0,0,0,0,JPY,,,,,Low traffic,730,0,730,0,出品商品の広告,,,0,0,,0,1.5E-5,cubic meter,Standard,3.0E-5,JP,gl_toy,,56,0,,,730,,,,,2,0,0,0,0,,0,0,0,0,0,0,,,,,,,,,,2,2026/4/4,,,,,,2026/4/4,2,0,0,0,56,--,N,,,
2026/4/6,13-NAE3-OQ1T,X001D0RRJD,B0GTN9QWT9,"推しぬいワッペン 髪パーツ ウルフ (ホットピンク, フェルト)",New,2,0,2,0,0,0,0,JPY,,,,,Low traffic,730,0,730,0,出品商品の広告,2,0,0,0,440.46,0,1.5E-5,cubic meter,Standard,3.0E-5,JP,gl_toy,,56,0,,,730,,,,,2,0,0,0,0,0.14,0,0,0,0,0,0,,,,,,,,,,2,2026/4/4,,,,,,2026/4/4,2,0,0,0,56,--,N,,,
2026/4/6,IR-1ZSP-TXIX,X001D0NAVH,B0GTNHBTYG,"推しぬいワッペン 髪パーツ ウルフ (ホワイト, フェルト)",New,2,0,2,0,0,0,0,JPY,,,,,Low traffic,730,0,730,0,出品商品の広告,,,0,0,,0,1.5E-5,cubic meter,Standard,3.0E-5,JP,gl_toy,,56,0,,,,,,,,2,0,0,0,0,,0,0,0,0,0,0,,,,,,,,,,2,2026/4/4,,,,,,2026/4/4,2,0,0,0,56,--,N,,,
2026/4/6,AU-B12Y-JY5I,X001D0JSUJ,B0GTN5QDJH,"推しぬいワッペン 髪パーツ ウルフ (ミントグリーン, ボア)",New,2,0,2,0,0,0,0,JPY,,,,,Low traffic,730,0,730,0,出品商品の広告,2,0,0,0,440.46,0,1.5E-5,cubic meter,Standard,3.0E-5,JP,gl_toy,,56,0,,,,,,,,2,0,0,0,0,0.14,0,0,0,0,0,0,,,,,,,,,,2,2026/4/4,,,,,,2026/4/4,2,0,0,0,56,--,N,,,
2026/4/6,EB-QA99-9TWQ,X001D0NB07,B0GTNDDN8K,"推しぬいワッペン 髪パーツ ウルフ (ライトブラウン, クロス（薄手）)",New,2,0,2,0,0,0,0,JPY,,,,,Low traffic,730,0,730,0,出品商品の広告,,,0,0,,0,1.5E-5,cubic meter,Standard,3.0E-5,JP,gl_toy,,56,0,,,,,,,,2,0,0,0,0,,0,0,0,0,0,0,,,,,,,,,,2,2026/4/4,,,,,,2026/4/4,2,0,0,0,56,--,N,,,
2026/4/6,SP-ZMEH-GB8A,X001D0RRJN,B0GTNSZR8M,"推しぬいワッペン 髪パーツ ウルフ (ライトブラウン, ボア)",New,2,0,2,0,0,0,0,JPY,,,,,Low traffic,730,0,730,0,出品商品の広告,,,0,0,,0,1.5E-5,cubic meter,Standard,3.0E-5,JP,gl_toy,,56,0,,,,,,,,2,0,0,0,0,,0,0,0,0,0,0,,,,,,,,,,2,2026/4/4,,,,,,2026/4/4,2,0,0,0,56,--,N,,,
2026/4/6,LK-K9PZ-LWEM,X001D0JTM1,B0GTNCJCCL,"推しぬいワッペン 髪パーツ ウルフ (リーフグリーン, フェルト)",New,2,0,2,0,0,0,0,JPY,,,,,Low traffic,730,0,730,0,出品商品の広告,,,0,0,,0,1.5E-5,cubic meter,Standard,3.0E-5,JP,gl_toy,,56,0,,,,,,,,2,0,0,0,0,,0,0,0,0,0,0,,,,,,,,,,2,2026/4/4,,,,,,2026/4/4,2,0,0,0,56,--,N,,,
2026/4/6,SB-WI3S-ILYW,X001D0MNP1,B0GTNBTTPZ,"推しぬいワッペン 髪パーツ ウルフ (リーフグリーン, ボア)",New,2,0,2,0,0,0,0,JPY,,,,,Low traffic,730,0,730,0,出品商品の広告,2,0,0,0,440.46,0,1.5E-5,cubic meter,Standard,3.0E-5,JP,gl_toy,,56,0,,,730,,,,,2,0,0,0,0,0.14,0,0,0,0,0,0,,,,,,,,,,2,2026/4/4,,,,,,2026/4/4,2,0,0,0,56,--,N,,,
2026/4/6,FD-4K7Q-L1C5,X001D0TNZ9,B0GTNVSZFT,"推しぬいワッペン 髪パーツ センターパート (イエロー, フェルト)",New,2,0,2,0,0,0,0,JPY,,,,,Low traffic,730,0,730,0,出品商品の広告,,,0,0,,0,1.5E-5,cubic meter,Standard,3.0E-5,JP,gl_toy,,56,0,,,,,,,,2,0,0,0,0,,0,0,0,0,0,0,,,,,,,,,,2,2026/4/4,,,,,,2026/4/4,2,0,0,0,56,--,N,,,
2026/4/6,LU-TE6G-YO86,X001D0TNUJ,B0GTNLCW91,"推しぬいワッペン 髪パーツ センターパート (イエロー, ボア)",New,2,0,2,0,0,0,0,JPY,,,,,Low traffic,730,0,730,0,出品商品の広告,2,0,0,0,440.46,0,1.5E-5,cubic meter,Standard,3.0E-5,JP,gl_toy,,56,0,,,730,,,,,2,0,0,0,0,0.14,0,0,0,0,0,0,,,,,,,,,,2,2026/4/4,,,,,,2026/4/4,2,0,0,0,56,--,N,,,
2026/4/6,FT-R78A-YC66,X001D0MWN9,B0GTNNCW46,"推しぬいワッペン 髪パーツ センターパート (オレンジ, ボア)",New,2,0,2,0,0,0,0,JPY,,,,,Low traffic,730,0,730,0,出品商品の広告,,,0,0,,0,1.5E-5,cubic meter,Standard,3.0E-5,JP,gl_toy,,56,0,,,,,,,,2,0,0,0,0,,0,0,0,0,0,0,,,,,,,,,,2,2026/4/4,,,,,,2026/4/4,2,0,0,0,56,--,N,,,
2026/4/6,UD-0XO4-55OC,X001D0TO53,B0GTNQZ9M7,"推しぬいワッペン 髪パーツ センターパート (グリーン, フェルト)",New,2,0,2,0,0,0,0,JPY,,,,,Low traffic,730,0,730,0,出品商品の広告,2,0,0,0,440.46,0,1.5E-5,cubic meter,Standard,3.0E-5,JP,gl_toy,,56,0,,,,,,,,2,0,0,0,0,0.14,0,0,0,0,0,0,,,,,,,,,,2,2026/4/4,,,,,,2026/4/4,2,0,0,0,56,--,N,,,
2026/4/6,TI-494T-ZFTZ,X001D0MWRF,B0GTNXYT98,"推しぬいワッペン 髪パーツ センターパート (グリーン, ボア)",New,2,0,2,0,0,0,0,JPY,,,,,Low traffic,730,0,730,0,出品商品の広告,2,0,0,0,440.46,0,1.5E-5,cubic meter,Standard,3.0E-5,JP,gl_toy,,56,0,,,,,,,,2,0,0,0,0,0.14,0,0,0,0,0,0,,,,,,,,,,2,2026/4/4,,,,,,2026/4/4,2,0,0,0,56,--,N,,,
2026/4/6,IB-6PF1-82I1,X001D0MUK9,B0GTNZZ8CC,"推しぬいワッペン 髪パーツ センターパート (シルバーグレー, フェルト)",New,2,0,2,0,0,0,0,JPY,,,,,Low traffic,730,0,730,0,出品商品の広告,,,0,0,,0,1.5E-5,cubic meter,Standard,3.0E-5,JP,gl_toy,,56,0,,,,,,,,2,0,0,0,0,,0,0,0,0,0,0,,,,,,,,,,2,2026/4/4,,,,,,2026/4/4,2,0,0,0,56,--,N,,,
2026/4/6,J9-6OBJ-G87G,X001D0TRGJ,B0GTNZBNLJ,"推しぬいワッペン 髪パーツ センターパート (ダークブラウン, フェルト)",New,2,0,2,0,0,0,0,JPY,,,,,Low traffic,730,0,730,0,出品商品の広告,2,0,0,0,440.46,0,1.5E-5,cubic meter,Standard,3.0E-5,JP,gl_toy,,56,0,,,,,,,,2,0,0,0,0,0.14,0,0,0,0,0,0,,,,,,,,,,2,2026/4/4,,,,,,2026/4/4,2,0,0,0,56,--,N,,,
2026/4/6,D9-F8FX-KT4X,X001D0RW6L,B0GTNTZG7S,"推しぬいワッペン 髪パーツ センターパート (ダークブラウン, ボア)",New,2,0,2,0,0,0,0,JPY,,,,,Low traffic,730,0,730,0,出品商品の広告,,,0,0,,0,1.5E-5,cubic meter,Standard,3.0E-5,JP,gl_toy,,56,0,,,,,,,,2,0,0,0,0,,0,0,0,0,0,0,,,,,,,,,,2,2026/4/4,,,,,,2026/4/4,2,0,0,0,56,--,N,,,
2026/4/6,4T-40KU-166O,X001D0T1SD,B0GTNXRM1F,"推しぬいワッペン 髪パーツ センターパート (パープル, フェルト)",New,2,0,2,0,0,0,0,JPY,,,,,Low traffic,730,0,730,0,出品商品の広告,2,0,0,0,440.46,0,1.5E-5,cubic meter,Standard,3.0E-5,JP,gl_toy,,56,0,,,,,,,,2,0,0,0,0,0.14,0,0,0,0,0,0,,,,,,,,,,2,2026/4/4,,,,,,2026/4/4,2,0,0,0,56,--,N,,,
2026/4/6,68-TFQK-DF9W,X001D0MWRP,B0GTNXTMWV,"推しぬいワッペン 髪パーツ センターパート (ピンク, ボア)",New,2,0,2,0,0,0,0,JPY,,,,,Low traffic,730,0,730,0,出品商品の広告,2,0,0,0,440.46,0,1.5E-5,cubic meter,Standard,3.0E-5,JP,gl_toy,,56,0,,,730,,,,,2,0,0,0,0,0.14,0,0,0,0,0,0,,,,,,,,,,2,2026/4/4,,,,,,2026/4/4,2,0,0,0,56,--,N,,,
2026/4/6,KP-PFCW-PGCW,X001D0RXUL,B0GTNXX9NS,"推しぬいワッペン 髪パーツ センターパート (ブラウン, ボア)",New,2,0,2,0,0,0,0,JPY,,,,,Low traffic,730,0,730,0,出品商品の広告,,,0,0,,0,1.5E-5,cubic meter,Standard,3.0E-5,JP,gl_toy,,56,0,,,,,,,,2,0,0,0,0,,0,0,0,0,0,0,,,,,,,,,,2,2026/4/4,,,,,,2026/4/4,2,0,0,0,56,--,N,,,
2026/4/6,9N-VFUU-6RAV,X001D0TOFN,B0GTNSR2CZ,"推しぬいワッペン 髪パーツ センターパート (ブラック, クロス（薄手）)",New,2,0,2,0,0,0,0,JPY,,,,,Low traffic,730,0,730,0,出品商品の広告,2,0,0,0,440.46,0,1.5E-5,cubic meter,Standard,3.0E-5,JP,gl_toy,,56,0,,,,,,,,2,0,0,0,0,0.14,0,0,0,0,0,0,,,,,,,,,,2,2026/4/4,,,,,,2026/4/4,2,0,0,0,56,--,N,,,
2026/4/6,BE-PMWV-IEMH,X001D0RWP7,B0GTNQN7T7,"推しぬいワッペン 髪パーツ センターパート (ブラック, フェルト)",New,2,0,2,0,0,0,0,JPY,,,,,Low traffic,730,0,730,0,出品商品の広告,,,0,0,,0,1.5E-5,cubic meter,Standard,3.0E-5,JP,gl_toy,,56,0,,,,,,,,2,0,0,0,0,,0,0,0,0,0,0,,,,,,,,,,2,2026/4/4,,,,,,2026/4/4,2,0,0,0,56,--,N,,,
2026/4/6,SY-RVIE-5TQ5,X001D0TRJB,B0GTNY5QHP,"推しぬいワッペン 髪パーツ センターパート (ブラック, ボア)",New,2,0,2,0,0,0,0,JPY,,,,,Low traffic,730,0,730,0,出品商品の広告,,,0,0,,0,1.5E-5,cubic meter,Standard,3.0E-5,JP,gl_toy,,56,0,,,730,,,,,2,0,0,0,0,,0,0,0,0,0,0,,,,,,,,,,2,2026/4/4,,,,,,2026/4/4,2,0,0,0,56,--,N,,,
2026/4/6,D9-ONML-B94T,X001D0TRJL,B0GTNXJMH6,"推しぬいワッペン 髪パーツ センターパート (ブルー, フェルト)",New,2,0,2,0,0,0,0,JPY,,,,,Low traffic,730,0,730,0,出品商品の広告,,,0,0,,0,1.5E-5,cubic meter,Standard,3.0E-5,JP,gl_toy,,56,0,,,,,,,,2,0,0,0,0,,0,0,0,0,0,0,,,,,,,,,,2,2026/4/4,,,,,,2026/4/4,2,0,0,0,56,--,N,,,
2026/4/6,2U-R7XL-AGGG,X001D0UMZ9,B0GTP1NGF9,"推しぬいワッペン 髪パーツ センターパート (ブルー, ボア)",New,2,0,2,0,0,0,0,JPY,,,,,Low traffic,730,0,730,0,出品商品の広告,2,0,0,0,440.46,0,1.5E-5,cubic meter,Standard,3.0E-5,JP,gl_toy,,56,0,,,,,,,,2,0,0,0,0,0.14,0,0,0,0,0,0,,,,,,,,,,2,2026/4/4,,,,,,2026/4/4,2,0,0,0,56,--,N,,,
2026/4/6,M2-CQ4Q-0ZBZ,X001D0UMFT,B0GTNR3VCN,"推しぬいワッペン 髪パーツ センターパート (ベビーイエロー, フェルト)",New,2,0,2,0,0,0,0,JPY,,,,,Low traffic,730,0,730,0,出品商品の広告,2,0,0,0,440.46,0,1.5E-5,cubic meter,Standard,3.0E-5,JP,gl_toy,,56,0,,,,,,,,2,0,0,0,0,0.14,0,0,0,0,0,0,,,,,,,,,,2,2026/4/4,,,,,,2026/4/4,2,0,0,0,56,--,N,,,
2026/4/6,08-68AK-EAFQ,X001D0TRDR,B0GTNMBHVB,"推しぬいワッペン 髪パーツ センターパート (ホットピンク, フェルト)",New,2,0,2,0,0,0,0,JPY,,,,,Low traffic,730,0,730,0,出品商品の広告,2,0,0,0,440.46,0,1.5E-5,cubic meter,Standard,3.0E-5,JP,gl_toy,,56,0,,,,,,,,2,0,0,0,0,0.14,0,0,0,0,0,0,,,,,,,,,,2,2026/4/4,,,,,,2026/4/4,2,0,0,0,56,--,N,,,
2026/4/6,DB-BTQZ-0FSW,X001D0TRDH,B0GTP1G114,"推しぬいワッペン 髪パーツ センターパート (ホワイト, フェルト)",New,2,0,2,0,0,0,0,JPY,,,,,Low traffic,730,0,730,0,出品商品の広告,2,0,0,0,440.46,0,1.5E-5,cubic meter,Standard,3.0E-5,JP,gl_toy,,56,0,,,,,,,,2,0,0,0,0,0.14,0,0,0,0,0,0,,,,,,,,,,2,2026/4/4,,,,,,2026/4/4,2,0,0,0,56,--,N,,,
2026/4/6,Q2-PK4S-CF26,X001D0MWCP,B0GTNXZL6D,"推しぬいワッペン 髪パーツ センターパート (ミントグリーン, ボア)",New,2,0,2,0,0,0,0,JPY,,,,,Low traffic,730,0,730,0,出品商品の広告,,,0,0,,0,1.5E-5,cubic meter,Standard,3.0E-5,JP,gl_toy,,56,0,,,,,,,,2,0,0,0,0,,0,0,0,0,0,0,,,,,,,,,,2,2026/4/4,,,,,,2026/4/4,2,0,0,0,56,--,N,,,
2026/4/6,OC-NKCO-S2X7,X001D0RWPR,B0GTNTB32X,"推しぬいワッペン 髪パーツ センターパート (ライトブラウン, クロス（薄手）)",New,2,0,2,0,0,0,0,JPY,,,,,Low traffic,730,0,730,0,出品商品の広告,2,0,0,0,440.46,0,1.5E-5,cubic meter,Standard,3.0E-5,JP,gl_toy,,56,0,,,,,,,,2,0,0,0,0,0.14,0,0,0,0,0,0,,,,,,,,,,2,2026/4/4,,,,,,2026/4/4,2,0,0,0,56,--,N,,,
2026/4/6,RX-85M6-JBIB,X001D0MWOD,B0GTNFCD51,"推しぬいワッペン 髪パーツ センターパート (ライトブラウン, ボア)",New,2,0,2,0,0,0,0,JPY,,,,,Low traffic,730,0,730,0,出品商品の広告,2,0,0,0,440.46,0,1.5E-5,cubic meter,Standard,3.0E-5,JP,gl_toy,,56,0,,,,,,,,2,0,0,0,0,0.14,0,0,0,0,0,0,,,,,,,,,,2,2026/4/4,,,,,,2026/4/4,2,0,0,0,56,--,N,,,
2026/4/6,TC-C2ZE-H6H7,X001D0MWLV,B0GTNN8GZK,"推しぬいワッペン 髪パーツ センターパート (リーフグリーン, フェルト)",New,2,0,2,0,0,0,0,JPY,,,,,Low traffic,730,0,730,0,出品商品の広告,,,0,0,,0,1.5E-5,cubic meter,Standard,3.0E-5,JP,gl_toy,,56,0,,,,,,,,2,0,0,0,0,,0,0,0,0,0,0,,,,,,,,,,2,2026/4/4,,,,,,2026/4/4,2,0,0,0,56,--,N,,,
2026/4/6,U7-4R6Y-34ZX,X001D0MW6V,B0GTNZ15RJ,"推しぬいワッペン 髪パーツ センターパート (リーフグリーン, ボア)",New,2,0,2,0,0,0,0,JPY,,,,,Low traffic,730,0,730,0,出品商品の広告,,,0,0,,0,1.5E-5,cubic meter,Standard,3.0E-5,JP,gl_toy,,56,0,,,,,,,,2,0,0,0,0,,0,0,0,0,0,0,,,,,,,,,,2,2026/4/4,,,,,,2026/4/4,2,0,0,0,56,--,N,,,
2026/4/6,AQ-3YOJ-FUUO,X001D0RVI5,B0GTNPT3BQ,"推しぬいワッペン 髪パーツ 王道ショート (イエロー, フェルト)",New,2,0,2,0,0,0,0,JPY,,,,,Low traffic,730,0,730,0,出品商品の広告,,,0,0,,0,1.5E-5,cubic meter,Standard,3.0E-5,JP,gl_toy,,56,0,,,730,,,,,2,0,0,0,0,,0,0,0,0,0,0,,,,,,,,,,2,2026/4/4,,,,,,2026/4/4,2,0,0,0,56,--,N,,,
2026/4/6,0C-9BBY-ZF5P,X001D0UBK5,B0GTNPTDFG,"推しぬいワッペン 髪パーツ 王道ショート (イエロー, ボア)",New,2,0,2,0,0,0,0,JPY,,,,,Low traffic,730,0,730,0,出品商品の広告,2,0,0,0,440.46,0,1.5E-5,cubic meter,Standard,3.0E-5,JP,gl_toy,,56,0,,,730,,,,,2,0,0,0,0,0.14,0,0,0,0,0,0,,,,,,,,,,2,2026/4/4,,,,,,2026/4/4,2,0,0,0,56,--,N,,,
2026/4/6,QB-CM90-H7QA,X001D0TNIV,B0GTNHB5SV,"推しぬいワッペン 髪パーツ 王道ショート (オレンジ, ボア)",New,2,0,2,0,0,0,0,JPY,,,,,Low traffic,730,0,730,0,出品商品の広告,2,0,0,0,440.46,0,1.5E-5,cubic meter,Standard,3.0E-5,JP,gl_toy,,56,0,,,730,,,,,2,0,0,0,0,0.14,0,0,0,0,0,0,,,,,,,,,,2,2026/4/4,,,,,,2026/4/4,2,0,0,0,56,--,N,,,
2026/4/6,FZ-57XP-H7KF,X001D0RVML,B0GTNKQGF8,"推しぬいワッペン 髪パーツ 王道ショート (グリーン, フェルト)",New,1,0,2,0,0,0,0,JPY,,,,,Low traffic,730,0,730,0,出品商品の広告,1,0,0,0,220.23,0,1.5E-5,cubic meter,Standard,1.5E-5,JP,gl_toy,,33,0,,,,,,,,2,0,0,0,0,0.07,0,0,0,0,0,0,,,,,,,,,,3,2026/4/5,,,,,,2026/4/4,1,0,0,0,33,--,N,,,
2026/4/6,HL-4E1F-KHD5,X001D0RVO9,B0GTNKCFC8,"推しぬいワッペン 髪パーツ 王道ショート (グリーン, ボア)",New,2,0,2,0,0,0,0,JPY,,,,,Low traffic,730,0,730,0,出品商品の広告,2,0,0,0,440.46,0,1.5E-5,cubic meter,Standard,3.0E-5,JP,gl_toy,,56,0,,,730,,,,,2,0,0,0,0,0.14,0,0,0,0,0,0,,,,,,,,,,2,2026/4/4,,,,,,2026/4/4,2,0,0,0,56,--,N,,,
2026/4/6,83-3DXB-LCQZ,X001D0MTT1,B0GTNN96VS,"推しぬいワッペン 髪パーツ 王道ショート (シルバーグレー, フェルト)",New,3,0,3,0,0,0,0,JPY,,,,,Low traffic,730,0,730,0,出品商品の広告,3,0,0,0,660.69,0,1.5E-5,cubic meter,Standard,4.5E-5,JP,gl_toy,,78,0,,,,,,,,3,0,0,0,0,0.21,0,0,0,0,0,0,,,,,,,,,,1,2026/4/4,,,,,,2026/4/4,3,0,0,0,78,--,N,,,
2026/4/6,CE-9Y5S-JG3A,X001D0TQSN,B0GTNM4Q3K,"推しぬいワッペン 髪パーツ 王道ショート (ダークブラウン, フェルト)",New,2,0,2,0,0,0,0,JPY,,,,,Low traffic,730,0,730,0,出品商品の広告,,,0,0,,0,1.5E-5,cubic meter,Standard,3.0E-5,JP,gl_toy,,56,0,,,,,,,,2,0,0,0,0,,0,0,0,0,0,0,,,,,,,,,,2,2026/4/4,,,,,,2026/4/4,2,0,0,0,56,--,N,,,
2026/4/6,EM-QW4Y-9N00,X001D0RVRL,B0GTNWT4KS,"推しぬいワッペン 髪パーツ 王道ショート (ダークブラウン, ボア)",New,2,0,2,0,0,0,0,JPY,,,,,Low traffic,730,0,730,0,出品商品の広告,2,0,0,0,440.46,0,1.5E-5,cubic meter,Standard,3.0E-5,JP,gl_toy,,56,0,,,730,,,,,2,0,0,0,0,0.14,0,0,0,0,0,0,,,,,,,,,,2,2026/4/4,,,,,,2026/4/4,2,0,0,0,56,--,N,,,
2026/4/6,QJ-4OSR-AURQ,X001D0MVZ3,B0GTNNTZ5S,"推しぬいワッペン 髪パーツ 王道ショート (パープル, フェルト)",New,2,0,2,0,0,0,0,JPY,,,,,Low traffic,730,0,730,0,出品商品の広告,,,0,0,,0,1.5E-5,cubic meter,Standard,3.0E-5,JP,gl_toy,,56,0,,,,,,,,2,0,0,0,0,,0,0,0,0,0,0,,,,,,,,,,2,2026/4/4,,,,,,2026/4/4,2,0,0,0,56,--,N,,,
2026/4/6,75-0D7N-4NDX,X001D0MV0N,B0GTNTCNM3,"推しぬいワッペン 髪パーツ 王道ショート (ピンク, ボア)",New,2,0,2,0,0,0,0,JPY,,,,,Low traffic,730,0,730,0,出品商品の広告,2,0,0,0,440.46,0,1.5E-5,cubic meter,Standard,3.0E-5,JP,gl_toy,,56,0,,,,,,,,2,0,0,0,0,0.14,0,0,0,0,0,0,,,,,,,,,,2,2026/4/4,,,,,,2026/4/4,2,0,0,0,56,--,N,,,
2026/4/6,M8-OWQ9-3NEJ,X001D0RUH7,B0GTNYKYCD,"推しぬいワッペン 髪パーツ 王道ショート (ブラウン, ボア)",New,2,0,2,0,0,0,0,JPY,,,,,Low traffic,730,0,730,0,出品商品の広告,2,0,0,0,440.46,0,1.5E-5,cubic meter,Standard,3.0E-5,JP,gl_toy,,56,0,,,,,,,,2,0,0,0,0,0.14,0,0,0,0,0,0,,,,,,,,,,2,2026/4/4,,,,,,2026/4/4,2,0,0,0,56,--,N,,,
2026/4/6,UZ-5BWS-5AHD,X001D0UBT1,B0GTNQC6TM,"推しぬいワッペン 髪パーツ 王道ショート (ブラック, クロス（薄手）)",New,2,0,2,0,0,0,0,JPY,,,,,Low traffic,730,0,730,0,出品商品の広告,,,0,0,,0,1.5E-5,cubic meter,Standard,3.0E-5,JP,gl_toy,,56,0,,,,,,,,2,0,0,0,0,,0,0,0,0,0,0,,,,,,,,,,2,2026/4/4,,,,,,2026/4/4,2,0,0,0,56,--,N,,,
2026/4/6,X4-P6S9-TPKL,X001D0MU2H,B0GTNH43JR,"推しぬいワッペン 髪パーツ 王道ショート (ブラック, フェルト)",New,2,0,2,0,0,0,0,JPY,,,,,Low traffic,730,0,730,0,出品商品の広告,,,0,0,,0,1.5E-5,cubic meter,Standard,3.0E-5,JP,gl_toy,,56,0,,,730,,,,,2,0,0,0,0,,0,0,0,0,0,0,,,,,,,,,,2,2026/4/4,,,,,,2026/4/4,2,0,0,0,56,--,N,,,
2026/4/6,2K-G033-RKO3,X001D0MV6R,B0GTNKX7DC,"推しぬいワッペン 髪パーツ 王道ショート (ブラック, ボア)",New,2,0,2,0,0,0,0,JPY,,,,,Low traffic,730,0,730,0,出品商品の広告,2,0,0,0,440.46,0,1.5E-5,cubic meter,Standard,3.0E-5,JP,gl_toy,,56,0,,,,,,,,2,0,0,0,0,0.14,0,0,0,0,0,0,,,,,,,,,,2,2026/4/4,,,,,,2026/4/4,2,0,0,0,56,--,N,,,
2026/4/6,51-30WK-585C,X001D0UCFT,B0GTNWFBLQ,"推しぬいワッペン 髪パーツ 王道ショート (ブルー, フェルト)",New,2,0,2,0,0,0,0,JPY,,,,,Low traffic,730,0,730,0,出品商品の広告,2,0,0,0,440.46,0,1.5E-5,cubic meter,Standard,3.0E-5,JP,gl_toy,,56,0,,,,,,,,2,0,0,0,0,0.14,0,0,0,0,0,0,,,,,,,,,,2,2026/4/4,,,,,,2026/4/4,2,0,0,0,56,--,N,,,
2026/4/6,FK-DP9L-H3F1,X001D0MUYZ,B0GTNJBTQ9,"推しぬいワッペン 髪パーツ 王道ショート (ブルー, ボア)",New,2,0,2,0,0,0,0,JPY,,,,,Low traffic,730,0,730,0,出品商品の広告,,,0,0,,0,1.5E-5,cubic meter,Standard,3.0E-5,JP,gl_toy,,56,0,,,,,,,,2,0,0,0,0,,0,0,0,0,0,0,,,,,,,,,,2,2026/4/4,,,,,,2026/4/4,2,0,0,0,56,--,N,,,
2026/4/6,BV-6D6C-X7F3,X001D0MTVT,B0GTNNC8ML,"推しぬいワッペン 髪パーツ 王道ショート (ベビーイエロー, フェルト)",New,2,0,2,0,0,0,0,JPY,,,,,Low traffic,730,0,730,0,出品商品の広告,,,0,0,,0,1.5E-5,cubic meter,Standard,3.0E-5,JP,gl_toy,,56,0,,,,,,,,2,0,0,0,0,,0,0,0,0,0,0,,,,,,,,,,2,2026/4/4,,,,,,2026/4/4,2,0,0,0,56,--,N,,,
2026/4/6,3K-KVFG-HUTG,X001D0RVEJ,B0GTNS4ZTB,"推しぬいワッペン 髪パーツ 王道ショート (ホットピンク, フェルト)",New,2,0,2,0,0,0,0,JPY,,,,,Low traffic,730,0,730,0,出品商品の広告,2,0,0,0,440.46,0,1.5E-5,cubic meter,Standard,3.0E-5,JP,gl_toy,,56,0,,,,,,,,2,0,0,0,0,0.14,0,0,0,0,0,0,,,,,,,,,,2,2026/4/4,,,,,,2026/4/4,2,0,0,0,56,--,N,,,
2026/4/6,K1-SA0T-NQ4R,X001D0MVLR,B0GTNF6NS5,"推しぬいワッペン 髪パーツ 王道ショート (ホワイト, フェルト)",New,2,0,2,0,0,0,0,JPY,,,,,Low traffic,730,0,730,0,出品商品の広告,2,0,0,0,440.46,0,1.5E-5,cubic meter,Standard,3.0E-5,JP,gl_toy,,56,0,,,,,,,,2,0,0,0,0,0.14,0,0,0,0,0,0,,,,,,,,,,2,2026/4/4,,,,,,2026/4/4,2,0,0,0,56,--,N,,,
2026/4/6,BY-ZTM8-TJ1A,X001D0MV1R,B0GTNW6BWK,"推しぬいワッペン 髪パーツ 王道ショート (ミントグリーン, ボア)",New,2,0,2,0,0,0,0,JPY,,,,,Low traffic,730,0,730,0,出品商品の広告,,,0,0,,0,1.5E-5,cubic meter,Standard,3.0E-5,JP,gl_toy,,56,0,,,,,,,,2,0,0,0,0,,0,0,0,0,0,0,,,,,,,,,,2,2026/4/4,,,,,,2026/4/4,2,0,0,0,56,--,N,,,
2026/4/6,9N-NE89-KKAC,X001D0UC9P,B0GTNZR4N4,"推しぬいワッペン 髪パーツ 王道ショート (ライトブラウン, クロス（薄手）)",New,2,0,2,0,0,0,0,JPY,,,,,Low traffic,730,0,730,0,出品商品の広告,2,0,0,0,440.46,0,1.5E-5,cubic meter,Standard,3.0E-5,JP,gl_toy,,56,0,,,,,,,,2,0,0,0,0,0.14,0,0,0,0,0,0,,,,,,,,,,2,2026/4/4,,,,,,2026/4/4,2,0,0,0,56,--,N,,,
2026/4/6,H5-NRPB-I1M1,X001D0UCOP,B0GTNZKJC4,"推しぬいワッペン 髪パーツ 王道ショート (ライトブラウン, ボア)",New,2,0,2,0,0,0,0,JPY,,,,,Low traffic,730,0,730,0,出品商品の広告,,,0,0,,0,1.5E-5,cubic meter,Standard,3.0E-5,JP,gl_toy,,56,0,,,,,,,,2,0,0,0,0,,0,0,0,0,0,0,,,,,,,,,,2,2026/4/4,,,,,,2026/4/4,2,0,0,0,56,--,N,,,
2026/4/6,AC-CQLI-BVOC,X001D0RUXL,B0GTNFS2SW,"推しぬいワッペン 髪パーツ 王道ショート (リーフグリーン, フェルト)",New,2,0,2,0,0,0,0,JPY,,,,,Low traffic,730,0,730,0,出品商品の広告,2,0,0,0,440.46,0,1.5E-5,cubic meter,Standard,3.0E-5,JP,gl_toy,,56,0,,,,,,,,2,0,0,0,0,0.14,0,0,0,0,0,0,,,,,,,,,,2,2026/4/4,,,,,,2026/4/4,2,0,0,0,56,--,N,,,
2026/4/6,50-5DZO-0KU2,X001D0RX6P,B0GTNLDPZC,"推しぬいワッペン 髪パーツ 王道ショート (リーフグリーン, ボア)",New,2,0,2,0,0,0,0,JPY,,,,,Low traffic,730,0,730,0,出品商品の広告,2,0,0,0,440.46,0,1.5E-5,cubic meter,Standard,3.0E-5,JP,gl_toy,,56,0,,,,,,,,2,0,0,0,0,0.14,0,0,0,0,0,0,,,,,,,,,,2,2026/4/4,,,,,,2026/4/4,2,0,0,0,56,--,N,,,
2026/4/6,17-14ST-CTEP,X001D2LN37,B0GVBMZLMP,推しぬいワッペン 服パーツ アイドル (イエロー),New,2,0,2,0,0,0,0,JPY,,,,,Low traffic,730,0,730,0,出品商品の広告,2,0,0,0,440.46,0,1.5E-5,cubic meter,Standard,3.0E-5,JP,gl_toy,,,0,,,,,,,,2,0,0,0,0,0.14,0,0,0,0,0,0,,,,,,,,,,,,,,,,,2026/4/4,2,0,0,0,,--,N,,,
2026/4/6,WX-WVX0-AIQY,X001D2DMFT,B0GVBHL582,推しぬいワッペン 服パーツ アイドル (オレンジ),New,2,0,2,0,0,0,0,JPY,,,,,Low traffic,730,0,730,0,出品商品の広告,,,0,0,,0,1.5E-5,cubic meter,Standard,3.0E-5,JP,gl_toy,,,0,,,,,,,,2,0,0,0,0,,0,0,0,0,0,0,,,,,,,,,,,,,,,,,2026/4/4,2,0,0,0,,--,N,,,
2026/4/6,54-04QV-UVAG,X001D2QMIN,B0GVBBSKWN,推しぬいワッペン 服パーツ アイドル (グリーン),New,1,0,1,0,0,0,0,JPY,,,,,Low traffic,730,0,730,0,出品商品の広告,1,0,0,0,220.23,0,1.5E-5,cubic meter,Standard,1.5E-5,JP,gl_toy,,,0,,,,,,,,1,0,0,0,0,0.07,0,0,0,0,0,0,,,,,,,,,,,,,,,,,2026/4/4,1,0,0,0,,--,N,,,
2026/4/6,DS-GOT0-SDPE,X001D2N1D7,B0GVBBW94V,推しぬいワッペン 服パーツ アイドル (グレー),New,2,0,2,0,0,0,0,JPY,,,,,Low traffic,730,0,730,0,出品商品の広告,,,0,0,,0,1.5E-5,cubic meter,Standard,3.0E-5,JP,gl_toy,,,0,,,,,,,,2,0,0,0,0,,0,0,0,0,0,0,,,,,,,,,,,,,,,,,2026/4/4,2,0,0,0,,--,N,,,
2026/4/6,ZJ-IBJQ-28PA,X001D2QMFV,B0GVBGQWQV,推しぬいワッペン 服パーツ アイドル (パープル),New,1,0,1,0,0,0,0,JPY,,,,,Low traffic,730,0,730,0,出品商品の広告,,,0,0,,0,1.5E-5,cubic meter,Standard,1.5E-5,JP,gl_toy,,,0,,,730,,,,,1,0,0,0,0,,0,0,0,0,0,0,,,,,,,,,,,,,,,,,2026/4/4,1,0,0,0,,--,N,,,
2026/4/6,YH-WQ8O-K9GJ,X001D2KHW5,B0GVBMDCYS,推しぬいワッペン 服パーツ アイドル (ピンク),New,1,0,1,0,0,0,0,JPY,,,,,Low traffic,730,0,730,0,出品商品の広告,1,0,0,0,220.23,0,1.5E-5,cubic meter,Standard,1.5E-5,JP,gl_toy,,,0,,,,,,,,1,0,0,0,0,0.07,0,0,0,0,0,0,,,,,,,,,,,,,,,,,2026/4/4,1,0,0,0,,--,N,,,
2026/4/6,3G-CU0S-UYMW,X001D2DME5,B0GVBJ4NH1,推しぬいワッペン 服パーツ アイドル (ブラウン),New,2,0,2,0,0,0,0,JPY,,,,,Low traffic,730,0,730,0,出品商品の広告,2,0,0,0,440.46,0,1.5E-5,cubic meter,Standard,3.0E-5,JP,gl_toy,,,0,,,,,,,,2,0,0,0,0,0.14,0,0,0,0,0,0,,,,,,,,,,,,,,,,,2026/4/4,2,0,0,0,,--,N,,,
2026/4/6,XN-ZU7R-7XRV,X001D2N19V,B0GVB7W9Z2,推しぬいワッペン 服パーツ アイドル (ブラック),New,1,0,1,0,0,0,0,JPY,,,,,Low traffic,730,0,730,0,出品商品の広告,1,0,0,0,220.23,0,1.5E-5,cubic meter,Standard,1.5E-5,JP,gl_toy,,,0,,,,,,,,1,0,0,0,0,0.07,0,0,0,0,0,0,,,,,,,,,,,,,,,,,2026/4/4,1,0,0,0,,--,N,,,
2026/4/6,H0-NOEF-2XQ1,X001D2DMHR,B0GVBH4266,推しぬいワッペン 服パーツ アイドル (ブルー),New,2,0,2,0,0,0,0,JPY,,,,,Low traffic,730,0,730,0,出品商品の広告,2,0,0,0,440.46,0,1.5E-5,cubic meter,Standard,3.0E-5,JP,gl_toy,,,0,,,730,,,,,2,0,0,0,0,0.14,0,0,0,0,0,0,,,,,,,,,,,,,,,,,2026/4/4,2,0,0,0,,--,N,,,
2026/4/6,KN-VOCM-45J1,X001D2DMGN,B0GVBKHJMB,推しぬいワッペン 服パーツ アイドル (レッド),New,2,0,2,0,0,0,0,JPY,,,,,Low traffic,730,0,730,0,出品商品の広告,2,0,0,0,440.46,0,1.5E-5,cubic meter,Standard,3.0E-5,JP,gl_toy,,,0,,,730,,,,,2,0,0,0,0,0.14,0,0,0,0,0,0,,,,,,,,,,,,,,,,,2026/4/4,2,0,0,0,,--,N,,,
2026/4/6,W06YL,X001D3KZ1H,B0GVP6WZLY,推しぬいワッペン 服パーツ アイドル王子 (イエロー),New,0,0,4,0,0,0,0,JPY,,,,,Low traffic,730,0,730,0,NoRestockExcessActionRequired,,,0,0,,0,1.5E-5,cubic meter,Standard,0,JP,gl_toy,,,0,,,,,,,,4,0,0,0,0,,0,0,0,0,4,0,,,,,,,,,,,,,,,,,2026/4/4,4,4,0,0,,--,N,,,
2026/4/6,W06GR,X001D3LDYZ,B0GVP973VH,推しぬいワッペン 服パーツ アイドル王子 (グリーン),New,0,0,5,0,0,0,0,JPY,,,,,Low traffic,730,0,730,0,NoRestockExcessActionRequired,,,0,0,,0,1.5E-5,cubic meter,Standard,0,JP,gl_toy,,,0,,,,,,,,5,0,0,0,0,,0,0,0,0,5,0,,,,,,,,,,,,,,,,,2026/4/4,5,5,0,0,,--,N,,,
2026/4/6,W06PU,X001D3CYGL,B0GVNXZF77,推しぬいワッペン 服パーツ アイドル王子 (パープル),New,0,0,5,0,0,0,0,JPY,,,,,Low traffic,730,0,730,0,NoRestockExcessActionRequired,,,0,0,,0,1.5E-5,cubic meter,Standard,0,JP,gl_toy,,,0,,,,,,,,5,0,0,0,0,,0,0,0,0,5,0,,,,,,,,,,,,,,,,,2026/4/4,5,5,0,0,,--,N,,,
2026/4/6,W06PI,X001D3CYXT,B0GVNZ13J1,推しぬいワッペン 服パーツ アイドル王子 (ピンク),New,0,0,5,0,0,0,0,JPY,,,,,Low traffic,730,0,730,0,NoRestockExcessActionRequired,,,0,0,,0,1.5E-5,cubic meter,Standard,0,JP,gl_toy,,,0,,,,,,,,5,0,0,0,0,,0,0,0,0,5,0,,,,,,,,,,,,,,,,,2026/4/4,5,5,0,0,,--,N,,,
2026/4/6,W06BL,X001D3KZ8Z,B0GVP5P73L,推しぬいワッペン 服パーツ アイドル王子 (ブルー),New,0,0,4,0,0,0,0,JPY,,,,,Low traffic,730,0,730,0,NoRestockExcessActionRequired,,,0,0,,0,1.5E-5,cubic meter,Standard,0,JP,gl_toy,,,0,,,,,,,,4,0,0,0,0,,0,0,0,0,4,0,,,,,,,,,,,,,,,,,2026/4/4,4,4,0,0,,--,N,,,
2026/4/6,W06WH,X001D3CRY5,B0GVP9DLN2,推しぬいワッペン 服パーツ アイドル王子 (ホワイト),New,0,0,5,0,0,0,0,JPY,,,,,Low traffic,730,0,730,0,NoRestockExcessActionRequired,,,0,0,,0,1.5E-5,cubic meter,Standard,0,JP,gl_toy,,,0,,,,,,,,5,0,0,0,0,,0,0,0,0,5,0,,,,,,,,,,,,,,,,,2026/4/4,5,5,0,0,,--,N,,,
2026/4/6,W06RD,X001D3LY7V,B0GVPJLWN6,推しぬいワッペン 服パーツ アイドル王子 (レッド),New,0,0,4,0,0,0,0,JPY,,,,,Low traffic,730,0,730,0,NoRestockExcessActionRequired,,,0,0,,0,1.5E-5,cubic meter,Standard,0,JP,gl_toy,,,0,,,,,,,,4,0,0,0,0,,0,0,0,0,4,0,,,,,,,,,,,,,,,,,2026/4/4,4,4,0,0,,--,N,,,
2026/4/6,W05YL,X001D3LY6H,B0GVP3M298,推しぬいワッペン 服パーツ アイドル肩マント (イエロー),New,0,0,5,0,0,0,0,JPY,,,,,Low traffic,730,0,730,0,NoRestockExcessActionRequired,,,0,0,,0,1.5E-5,cubic meter,Standard,0,JP,gl_toy,,,0,,,,,,,,5,0,0,0,0,,0,0,0,0,5,0,,,,,,,,,,,,,,,,,2026/4/4,5,5,0,0,,--,N,,,
2026/4/6,W05OR,X001D3LXS1,B0GVP5814F,推しぬいワッペン 服パーツ アイドル肩マント (オレンジ),New,0,0,5,0,0,0,0,JPY,,,,,Low traffic,730,0,730,0,NoRestockExcessActionRequired,,,0,0,,0,1.5E-5,cubic meter,Standard,0,JP,gl_toy,,,0,,,,,,,,5,0,0,0,0,,0,0,0,0,5,0,,,,,,,,,,,,,,,,,2026/4/4,5,5,0,0,,--,N,,,
2026/4/6,W05GR,X001D3LXTF,B0GVP93FZ5,推しぬいワッペン 服パーツ アイドル肩マント (グリーン),New,0,0,5,0,0,0,0,JPY,,,,,Low traffic,730,0,730,0,NoRestockExcessActionRequired,,,0,0,,0,1.5E-5,cubic meter,Standard,0,JP,gl_toy,,,0,,,,,,,,5,0,0,0,0,,0,0,0,0,5,0,,,,,,,,,,,,,,,,,2026/4/4,5,5,0,0,,--,N,,,
2026/4/6,W05PU,X001D3LE0N,B0GVP1JT48,推しぬいワッペン 服パーツ アイドル肩マント (パープル),New,0,0,5,0,0,0,0,JPY,,,,,Low traffic,730,0,730,0,NoRestockExcessActionRequired,,,0,0,,0,1.5E-5,cubic meter,Standard,0,JP,gl_toy,,,0,,,,,,,,5,0,0,0,0,,0,0,0,0,5,0,,,,,,,,,,,,,,,,,2026/4/4,5,5,0,0,,--,N,,,
2026/4/6,W05PI,X001D3CXZX,B0GVP2T7X1,推しぬいワッペン 服パーツ アイドル肩マント (ピンク),New,0,0,5,0,0,0,0,JPY,,,,,Low traffic,730,0,730,0,NoRestockExcessActionRequired,,,0,0,,0,1.5E-5,cubic meter,Standard,0,JP,gl_toy,,,0,,,,,,,,5,0,0,0,0,,0,0,0,0,5,0,,,,,,,,,,,,,,,,,2026/4/4,5,5,0,0,,--,N,,,
2026/4/6,W05BL,X001D3LY8Z,B0GVP39J9J,推しぬいワッペン 服パーツ アイドル肩マント (ブルー),New,0,0,5,0,0,0,0,JPY,,,,,Low traffic,730,0,730,0,NoRestockExcessActionRequired,,,0,0,,0,1.5E-5,cubic meter,Standard,0,JP,gl_toy,,,0,,,,,,,,5,0,0,0,0,,0,0,0,0,5,0,,,,,,,,,,,,,,,,,2026/4/4,5,5,0,0,,--,N,,,
2026/4/6,W05WH,X001D3M14L,B0GVP1FTS8,推しぬいワッペン 服パーツ アイドル肩マント (ホワイト),New,0,0,3,0,0,0,0,JPY,,,,,Low traffic,730,0,730,0,NoRestockExcessActionRequired,,,0,0,,0,1.5E-5,cubic meter,Standard,0,JP,gl_toy,,,0,,,,,,,,3,0,0,0,0,,0,0,0,0,3,0,,,,,,,,,,,,,,,,,2026/4/4,3,3,0,0,,--,N,,,
2026/4/6,W05RD,X001D3CRD1,B0GVP9F67Y,推しぬいワッペン 服パーツ アイドル肩マント (レッド),New,0,0,5,0,0,0,0,JPY,,,,,Low traffic,730,0,730,0,NoRestockExcessActionRequired,,,0,0,,0,1.5E-5,cubic meter,Standard,0,JP,gl_toy,,,0,,,,,,,,5,0,0,0,0,,0,0,0,0,5,0,,,,,,,,,,,,,,,,,2026/4/4,5,5,0,0,,--,N,,,
2026/4/6,W08GY,X001D3LEL7,B0GVP1WY9T,推しぬいワッペン 服パーツ コート (グレー),New,0,0,5,0,0,0,0,JPY,,,,,Low traffic,730,0,730,0,NoRestockExcessActionRequired,,,0,0,,0,1.5E-5,cubic meter,Standard,0,JP,gl_toy,,,0,,,730,,,,,5,0,0,0,0,,0,0,0,0,5,0,,,,,,,,,,,,,,,,,2026/4/4,5,5,0,0,,--,N,,,
2026/4/6,W08DB,X001D3RGTB,B0GVP5Y1JT,推しぬいワッペン 服パーツ コート (ダークブラウン),New,0,0,5,0,0,0,0,JPY,,,,,Low traffic,730,0,730,0,NoRestockExcessActionRequired,,,0,0,,0,1.5E-5,cubic meter,Standard,0,JP,gl_toy,,,0,,,,,,,,5,0,0,0,0,,0,0,0,0,5,0,,,,,,,,,,,,,,,,,2026/4/4,5,5,0,0,,--,N,,,
2026/4/6,W08BE,X001D3LEYJ,B0GVP7GDQV,推しぬいワッペン 服パーツ コート (ベージュ),New,0,0,5,0,0,0,0,JPY,,,,,Low traffic,730,0,730,0,NoRestockExcessActionRequired,,,0,0,,0,1.5E-5,cubic meter,Standard,0,JP,gl_toy,,,0,,,,,,,,5,0,0,0,0,,0,0,0,0,5,0,,,,,,,,,,,,,,,,,2026/4/4,5,5,0,0,,--,N,,,
2026/4/6,W08LB,X001D3LEDP,B0GVPPQK88,推しぬいワッペン 服パーツ コート (ライトブラウン),New,0,0,5,0,0,0,0,JPY,,,,,Low traffic,730,0,730,0,NoRestockExcessActionRequired,,,0,0,,0,1.5E-5,cubic meter,Standard,0,JP,gl_toy,,,0,,,,,,,,5,0,0,0,0,,0,0,0,0,5,0,,,,,,,,,,,,,,,,,2026/4/4,5,5,0,0,,--,N,,,
2026/4/6,HK-39JV-9TY6,X001D2QMG5,B0GVBHGDKG,推しぬいワッペン 服パーツ スーツ (イエロー),New,2,0,2,0,0,0,0,JPY,,,,,Low traffic,730,0,730,0,出品商品の広告,,,0,0,,0,1.5E-5,cubic meter,Standard,3.0E-5,JP,gl_toy,,,0,,,,,,,,2,0,0,0,0,,0,0,0,0,0,0,,,,,,,,,,,,,,,,,2026/4/4,2,0,0,0,,--,N,,,
2026/4/6,YA-NKQ5-PRA8,X001D2DMKT,B0GVBFSWNR,推しぬいワッペン 服パーツ スーツ (オレンジ),New,1,0,1,0,0,0,0,JPY,,,,,Low traffic,730,0,730,0,出品商品の広告,,,0,0,,0,1.5E-5,cubic meter,Standard,1.5E-5,JP,gl_toy,,,0,,,,,,,,1,0,0,0,0,,0,0,0,0,0,0,,,,,,,,,,,,,,,,,2026/4/4,1,0,0,0,,--,N,,,
2026/4/6,K4-JGUC-0DGL,X001D2HZ11,B0GVBFVXW5,推しぬいワッペン 服パーツ スーツ (グレー),New,2,0,2,0,0,0,0,JPY,,,,,Low traffic,730,0,730,0,出品商品の広告,,,0,0,,0,1.5E-5,cubic meter,Standard,3.0E-5,JP,gl_toy,,,0,,,,,,,,2,0,0,0,0,,0,0,0,0,0,0,,,,,,,,,,,,,,,,,2026/4/4,2,0,0,0,,--,N,,,
2026/4/6,09-QSL9-OCF9,X001D2LN23,B0GVBFRRTL,推しぬいワッペン 服パーツ スーツ (パープル),New,1,0,1,0,0,0,0,JPY,,,,,Low traffic,730,0,730,0,出品商品の広告,1,0,0,0,220.23,0,1.5E-5,cubic meter,Standard,1.5E-5,JP,gl_toy,,,0,,,,,,,,1,0,0,0,0,0.07,0,0,0,0,0,0,,,,,,,,,,,,,,,,,2026/4/4,1,0,0,0,,--,N,,,
2026/4/6,WE-5BPW-LO4Q,X001D2M8L3,B0GVBD7HQX,推しぬいワッペン 服パーツ スーツ (ブラウン),New,2,0,2,0,0,0,0,JPY,,,,,Low traffic,730,0,730,0,出品商品の広告,2,0,0,0,440.46,0,1.5E-5,cubic meter,Standard,3.0E-5,JP,gl_toy,,,0,,,,,,,,2,0,0,0,0,0.14,0,0,0,0,0,0,,,,,,,,,,,,,,,,,2026/4/4,2,0,0,0,,--,N,,,
2026/4/6,RV-GXEU-DP3G,X001D2DMGX,B0GVBCZJSP,推しぬいワッペン 服パーツ スーツ (ブラック),New,1,0,1,0,0,0,0,JPY,,,,,Low traffic,730,0,730,0,出品商品の広告,1,0,0,0,220.23,0,1.5E-5,cubic meter,Standard,1.5E-5,JP,gl_toy,,,0,,,,,,,,1,0,0,0,0,0.07,0,0,0,0,0,0,,,,,,,,,,,,,,,,,2026/4/4,1,0,0,0,,--,N,,,
2026/4/6,TL-PKAB-YDK5,X001D2M8NV,B0GVBC41H1,推しぬいワッペン 服パーツ スーツ (ブルー),New,1,0,1,0,0,0,0,JPY,,,,,Low traffic,730,0,730,0,出品商品の広告,1,0,0,0,220.23,0,1.5E-5,cubic meter,Standard,1.5E-5,JP,gl_toy,,,0,,,,,,,,1,0,0,0,0,0.07,0,0,0,0,0,0,,,,,,,,,,,,,,,,,2026/4/4,1,0,0,0,,--,N,,,
2026/4/6,BL-K855-IGEK,X001D2KLH1,B0GVBC2Z8J,推しぬいワッペン 服パーツ スーツ (レッド),New,2,0,2,0,0,0,0,JPY,,,,,Low traffic,730,0,730,0,出品商品の広告,,,0,0,,0,1.5E-5,cubic meter,Standard,3.0E-5,JP,gl_toy,,,0,,,,,,,,2,0,0,0,0,,0,0,0,0,0,0,,,,,,,,,,,,,,,,,2026/4/4,2,0,0,0,,--,N,,,
2026/4/6,W07YL,X001D3LYET,B0GVP22T8B,推しぬいワッペン 服パーツ ネオン (イエロー),New,0,0,3,0,0,0,0,JPY,,,,,Low traffic,730,0,730,0,NoRestockExcessActionRequired,,,0,0,,0,1.5E-5,cubic meter,Standard,0,JP,gl_toy,,,0,,,,,,,,3,0,0,0,0,,0,0,0,0,3,0,,,,,,,,,,,,,,,,,2026/4/4,3,3,0,0,,--,N,,,
2026/4/6,W07OR,X001D3KZL7,B0GVP1YWN1,推しぬいワッペン 服パーツ ネオン (オレンジ),New,0,0,1,0,0,0,0,JPY,,,,,Low traffic,730,0,730,0,NoRestockExcessActionRequired,,,0,0,,0,1.5E-5,cubic meter,Standard,0,JP,gl_toy,,,0,,,,,,,,1,0,0,0,0,,0,0,0,0,1,0,,,,,,,,,,,,,,,,,2026/4/4,1,1,0,0,,--,N,,,
2026/4/6,W07GR,X001D3CZAL,B0GVP8L66Y,推しぬいワッペン 服パーツ ネオン (グリーン),New,0,0,4,0,0,0,0,JPY,,,,,Low traffic,730,0,730,0,NoRestockExcessActionRequired,,,0,0,,0,1.5E-5,cubic meter,Standard,0,JP,gl_toy,,,0,,,,,,,,4,0,0,0,0,,0,0,0,0,4,0,,,,,,,,,,,,,,,,,2026/4/4,4,4,0,0,,--,N,,,
2026/4/6,W07PU,X001D3CZ3X,B0GVPFK9NR,推しぬいワッペン 服パーツ ネオン (パープル),New,0,0,8,0,0,0,0,JPY,,,,,Low traffic,730,0,730,0,NoRestockExcessActionRequired,,,0,0,,0,1.5E-5,cubic meter,Standard,0,JP,gl_toy,,,0,,,,,,,,8,0,0,0,0,,0,0,0,0,8,0,,,,,,,,,,,,,,,,,2026/4/4,8,8,0,0,,--,N,,,
2026/4/6,W07PI,X001D3LYBH,B0GVP7QXSZ,推しぬいワッペン 服パーツ ネオン (ピンク),New,0,0,5,0,0,0,0,JPY,,,,,Low traffic,730,0,730,0,NoRestockExcessActionRequired,,,0,0,,0,1.5E-5,cubic meter,Standard,0,JP,gl_toy,,,0,,,,,,,,5,0,0,0,0,,0,0,0,0,5,0,,,,,,,,,,,,,,,,,2026/4/4,5,5,0,0,,--,N,,,
2026/4/6,W07WH,X001D3LEB7,B0GVPF63BC,推しぬいワッペン 服パーツ ネオン (ホワイト),New,0,0,1,0,0,0,0,JPY,,,,,Low traffic,730,0,730,0,NoRestockExcessActionRequired,,,0,0,,0,1.5E-5,cubic meter,Standard,0,JP,gl_toy,,,0,,,,,,,,1,0,0,0,0,,0,0,0,0,1,0,,,,,,,,,,,,,,,,,2026/4/4,1,1,0,0,,--,N,,,
2026/4/6,W07RD,X001D3KZMB,B0GVP836N1,推しぬいワッペン 服パーツ ネオン (レッド),New,0,0,3,0,0,0,0,JPY,,,,,Low traffic,730,0,730,0,NoRestockExcessActionRequired,,,0,0,,0,1.5E-5,cubic meter,Standard,0,JP,gl_toy,,,0,,,,,,,,3,0,0,0,0,,0,0,0,0,3,0,,,,,,,,,,,,,,,,,2026/4/4,3,3,0,0,,--,N,,,
2026/4/6,W04YL,X001D3RH2R,B0GVP54JNP,推しぬいワッペン 服パーツ パーカー (イエロー),New,0,0,3,0,0,0,0,JPY,,,,,Low traffic,730,0,730,0,NoRestockExcessActionRequired,,,0,0,,0,1.5E-5,cubic meter,Standard,0,JP,gl_toy,,,0,,,,,,,,3,0,0,0,0,,0,0,0,0,3,0,,,,,,,,,,,,,,,,,2026/4/4,3,3,0,0,,--,N,,,
2026/4/6,W04OC,X001D3Q8DB,B0GVP1X5FW,推しぬいワッペン 服パーツ パーカー (オーカー),New,0,0,5,0,0,0,0,JPY,,,,,Low traffic,730,0,730,0,NoRestockExcessActionRequired,,,0,0,,0,1.5E-5,cubic meter,Standard,0,JP,gl_toy,,,0,,,,,,,,5,0,0,0,0,,0,0,0,0,5,0,,,,,,,,,,,,,,,,,2026/4/4,5,5,0,0,,--,N,,,
2026/4/6,W04GR,X001D3L7AP,B0GVP89CR3,推しぬいワッペン 服パーツ パーカー (グリーン),New,0,0,5,0,0,0,0,JPY,,,,,Low traffic,730,0,730,0,NoRestockExcessActionRequired,,,0,0,,0,1.5E-5,cubic meter,Standard,0,JP,gl_toy,,,0,,,,,,,,5,0,0,0,0,,0,0,0,0,5,0,,,,,,,,,,,,,,,,,2026/4/4,5,5,0,0,,--,N,,,
2026/4/6,W04GY,X001D3CSHL,B0GVP6JY5X,推しぬいワッペン 服パーツ パーカー (グレー),New,0,0,5,0,0,0,0,JPY,,,,,Low traffic,730,0,730,0,NoRestockExcessActionRequired,,,0,0,,0,1.5E-5,cubic meter,Standard,0,JP,gl_toy,,,0,,,,,,,,5,0,0,0,0,,0,0,0,0,5,0,,,,,,,,,,,,,,,,,2026/4/4,5,5,0,0,,--,N,,,
2026/4/6,W04PU,X001D3CZO7,B0GVP3M72F,推しぬいワッペン 服パーツ パーカー (パープル),New,0,0,4,0,0,0,0,JPY,,,,,Low traffic,730,0,730,0,NoRestockExcessActionRequired,,,0,0,,0,1.5E-5,cubic meter,Standard,0,JP,gl_toy,,,0,,,,,,,,4,0,0,0,0,,0,0,0,0,4,0,,,,,,,,,,,,,,,,,2026/4/4,4,4,0,0,,--,N,,,
2026/4/6,W04BL,X001D3L7GT,B0GVP3WCRH,推しぬいワッペン 服パーツ パーカー (ブルー),New,0,0,5,0,0,0,0,JPY,,,,,Low traffic,730,0,730,0,NoRestockExcessActionRequired,,,0,0,,0,1.5E-5,cubic meter,Standard,0,JP,gl_toy,,,0,,,,,,,,5,0,0,0,0,,0,0,0,0,5,0,,,,,,,,,,,,,,,,,2026/4/4,5,5,0,0,,--,N,,,
2026/4/6,W04WH,X001D3LFCF,B0GVP8HJQ7,推しぬいワッペン 服パーツ パーカー (ホワイト),New,0,0,4,0,0,0,0,JPY,,,,,Low traffic,730,0,730,0,NoRestockExcessActionRequired,,,0,0,,0,1.5E-5,cubic meter,Standard,0,JP,gl_toy,,,0,,,730,,,,,4,0,0,0,0,,0,0,0,0,4,0,,,,,,,,,,,,,,,,,2026/4/4,4,4,0,0,,--,N,,,
2026/4/6,W04RD,X001D3LFBB,B0GVP7XBT8,推しぬいワッペン 服パーツ パーカー (レッド),New,0,0,4,0,0,0,0,JPY,,,,,Low traffic,730,0,730,0,NoRestockExcessActionRequired,,,0,0,,0,1.5E-5,cubic meter,Standard,0,JP,gl_toy,,,0,,,,,,,,4,0,0,0,0,,0,0,0,0,4,0,,,,,,,,,,,,,,,,,2026/4/4,4,4,0,0,,--,N,,,
2026/4/6,JQ-QGS5-JUX7,X001D2HZ43,B0GVB7V3SK,推しぬいワッペン 服パーツ ホスト (オレンジ),New,1,0,1,0,0,0,0,JPY,,,,,Low traffic,730,0,730,0,出品商品の広告,1,0,0,0,220.23,0,1.5E-5,cubic meter,Standard,1.5E-5,JP,gl_toy,,,0,,,,,,,,1,0,0,0,0,0.07,0,0,0,0,0,0,,,,,,,,,,,,,,,,,2026/4/4,1,0,0,0,,--,N,,,
2026/4/6,87-MN38-CGL4,X001D2HYUD,B0GVBKHJQ9,推しぬいワッペン 服パーツ ホスト (グリーン),New,1,0,1,0,0,0,0,JPY,,,,,Low traffic,730,0,730,0,出品商品の広告,1,0,0,0,220.23,0,1.5E-5,cubic meter,Standard,1.5E-5,JP,gl_toy,,,0,,,,,,,,1,0,0,0,0,0.07,0,0,0,0,0,0,,,,,,,,,,,,,,,,,2026/4/4,1,0,0,0,,--,N,,,
2026/4/6,XM-65HL-7GTX,X001D2HYTJ,B0GVBC582H,推しぬいワッペン 服パーツ ホスト (グレー),New,1,0,1,0,0,0,0,JPY,,,,,Low traffic,730,0,730,0,出品商品の広告,,,0,0,,0,1.5E-5,cubic meter,Standard,1.5E-5,JP,gl_toy,,,0,,,,,,,,1,0,0,0,0,,0,0,0,0,0,0,,,,,,,,,,,,,,,,,2026/4/4,1,0,0,0,,--,N,,,
2026/4/6,MP-1HL2-UUXS,X001D2KLM1,B0GVBKDC18,推しぬいワッペン 服パーツ ホスト (パープル),New,2,0,2,0,0,0,0,JPY,,,,,Low traffic,730,0,730,0,出品商品の広告,,,0,0,,0,1.5E-5,cubic meter,Standard,3.0E-5,JP,gl_toy,,,0,,,,,,,,2,0,0,0,0,,0,0,0,0,0,0,,,,,,,,,,,,,,,,,2026/4/4,2,0,0,0,,--,N,,,
2026/4/6,CR-H303-F6VB,X001D2LN3R,B0GVBC9LMM,推しぬいワッペン 服パーツ ホスト (ピンク),New,1,0,1,0,0,0,0,JPY,,,,,Low traffic,730,0,730,0,出品商品の広告,,,0,0,,0,1.5E-5,cubic meter,Standard,1.5E-5,JP,gl_toy,,,0,,,,,,,,1,0,0,0,0,,0,0,0,0,0,0,,,,,,,,,,,,,,,,,2026/4/4,1,0,0,0,,--,N,,,
2026/4/6,52-C2O8-LLH1,X001D2KLLH,B0GVBCJNCY,推しぬいワッペン 服パーツ ホスト (ブラウン),New,1,0,1,0,0,0,0,JPY,,,,,Low traffic,730,0,730,0,出品商品の広告,1,0,0,0,220.23,0,1.5E-5,cubic meter,Standard,1.5E-5,JP,gl_toy,,,0,,,,,,,,1,0,0,0,0,0.07,0,0,0,0,0,0,,,,,,,,,,,,,,,,,2026/4/4,1,0,0,0,,--,N,,,
2026/4/6,S6-DGMX-LVYE,X001D2DMH7,B0GVBDY5VV,推しぬいワッペン 服パーツ ホスト (ブラック),New,1,0,1,0,0,0,0,JPY,,,,,Low traffic,730,0,730,0,出品商品の広告,,,0,0,,0,1.5E-5,cubic meter,Standard,1.5E-5,JP,gl_toy,,,0,,,,,,,,1,0,0,0,0,,0,0,0,0,0,0,,,,,,,,,,,,,,,,,2026/4/4,1,0,0,0,,--,N,,,
2026/4/6,EG-M4E8-0QWA,X001D2HYSZ,B0GVBJFG7X,推しぬいワッペン 服パーツ ホスト (ブルー),New,2,0,2,0,0,0,0,JPY,,,,,Low traffic,730,0,730,0,出品商品の広告,2,0,0,0,440.46,0,1.5E-5,cubic meter,Standard,3.0E-5,JP,gl_toy,,,0,,,,,,,,2,0,0,0,0,0.14,0,0,0,0,0,0,,,,,,,,,,,,,,,,,2026/4/4,2,0,0,0,,--,N,,,
2026/4/6,MA-M2LG-EX7S,X001D2HYRL,B0GVB2XMVD,推しぬいワッペン 服パーツ ホスト (レッド),New,2,0,2,0,0,0,0,JPY,,,,,Low traffic,730,0,730,0,出品商品の広告,,,0,0,,0,1.5E-5,cubic meter,Standard,3.0E-5,JP,gl_toy,,,0,,,,,,,,2,0,0,0,0,,0,0,0,0,0,0,,,,,,,,,,,,,,,,,2026/4/4,2,0,0,0,,--,N,,,
